"['1/01/2012', 'Alibaug', '28', '-1', '-', '', '-', '-', '-', '-', '-', '-', '226  ']","['1/01/2012', 'Bhira', '35', '-', '-', '-', '-', '-', '-', '-', '-', '-', '490  ']","['1/01/2012', 'Dahanu', '25', '-4', '19', '2', '45', '-23', '-', '-', '-', '-', '200  ']","['1/01/2012', 'Goa(Dabolim)', '34', '-', '23', '-', '75', '-', '0', '0', '0', '0', '275  ']","['1/01/2012', 'Goa(Panjim)', '35', '3', '25', '5', '90', '11', '0', '0', '0', '0.0', '294  ']","['1/01/2012', 'Harnai', '32', '3', '22', '-1', '65', '7', '0', '0', '0', '0', '252  ']","['1/01/2012', 'Mumbai (CLB)', '28', '-2', '21', '1', '40', '-31', '0', '0', '0', '0.0', '216  ']","['1/01/2012', 'Mumbai (SCZ)', '31', '0', '21', '4', '40', '-23', '0', '0', '0', '0.0', '235  ']","['1/01/2012', 'Ratnagiri', '34', '2', '21', '1', '80', '16', '0', '0', '0', '0', '301  ']","['1/01/2012', 'Ahmednagar', '32', '3', '18', '6', '75', '19', '0', '0', '0', '0', '62   ']","['1/01/2012', 'Jalgaon', '34', '4', '10', '-2', '60', '-1', '0', '0', '0', '0', '75   ']","['1/01/2012', 'Kolhapur', '31', '1', '21', '6', '75', '14', '0', '0', '0', '0', '107  ']","['1/01/2012', 'Mahabaleshwar', '27', '3', '16', '2', '80', '24', '0', '0', '0', '0', '582  ']","['1/01/2012', 'Malegaon', '29', '-1', '10', '-1', '55', '0', '0', '0', '0', '0', '56   ']","['1/01/2012', 'Nasik', '31', '2', '15', '5', '70', '1', '0', '0', '0', '0', '68   ']","['1/01/2012', 'Pune', '32', '3', '18', '7', '80', '15', '0', '0', '0', '0', '74   ']","['1/01/2012', 'Pune AP(LHG)', '32', '-', '18', '-', '70', '-', '0', '0', '0', '0', '-']","['1/01/2012', 'Sangli', '31', '1', '20', '6', '75', '12', '0', '0', '-1', '0', '67   ']","['1/01/2012', 'Solapur', '31', '1', '21', '6', '75', '23', '0', '0', '-1', '0', '76   ']","['1/01/2012', 'Aurangabad', '31', '2', '21', '11', '55', '0', '0', '0', '0', '0', '77   ']","['1/01/2012', 'Nanded', '-', '-', '19', '-', '75', '12', '1', '0', '0', '0', '94   ']","['1/01/2012', 'Osmanabad', '30', '-', '18', '-', '85', '-', '0', '0', '0', '0', '82   ']","['1/01/2012', 'Parbhani', '32', '2', '20', '7', '90', '38', '-1', '0', '-1', '0', '97   ']","['1/01/2012', 'Akola', '33', '3', '20', '7', '85', '33', '0', '0', '-1', '0', '83   ']","['1/01/2012', 'Amravati', '31', '2', '19', '4', '70', '20', 'TR', '-', '-', '-', '89   ']","['1/01/2012', 'Brahmapuri', '32', '4', '-', '', '-', '-', '-', '-', '-', '-', '139  ']","['1/01/2012', 'Buldhana', '30', '3', '21', '6', '75', '20', '-', '-', '-', '-', '85   ']","['1/01/2012', 'Chandrapur', '32', '3', '-', '', '-', '-', '-', '-', '-', '-', '128  ']","['1/01/2012', 'Nagpur', '30', '1', '20', '8', '99', '22', '1', '0', '-1', '0', '113  ']","['1/01/2012', 'Wardha', '30', '1', '18', '4', '90', '42', 'TR', '0', '-1', '0', '109  ']","['1/01/2012', 'Yeotmal', '32', '4', '21', '6', '95', '41', 'TR', '0', '-1', '0', '109  ']","['1/01/2012', 'Ahmedabad', '26', '-3', '12', '0', '48', '-8', '0', '0', '0', '0.0', '78   ']","['1/01/2012', 'Delhi (PLM)', '23', '2', '12', '7', '85', '14', '0', '0', '0', '0', '75   ']","['1/01/2012', 'Delhi (SFD)', '23', '1', '11', '4', '90', '10', '0', '0', '0', '0', '78   ']","['1/01/2012', 'Bangalore A.P', '23', '-4', '15', '0', '85', '5', '0', '0', '0', '0', '-']","['1/01/2012', 'Hyderabad', '26', '-2', '21', '7', '90', '11', 'TR', '0', '0', '0', '82   ']"
"['2/01/2012', 'Alibaug', '27', '-2', '17', '-1', '75', '6', '0', '0', '0', '0', '226  ']","['2/01/2012', 'Bhira', '-', '-', '12', '-', '95', '-', '0', '0', '0', '0', '490  ']","['2/01/2012', 'Dahanu', '24', '-4', '17', '0', '60', '-8', '0', '0', '0', '0', '200  ']","['2/01/2012', 'Goa(Dabolim)', '33', '-', '13', '-', '70', '-', '0', '0', '0', '0', '275  ']","['2/01/2012', 'Goa(Panjim)', '33', '1', '23', '3', '95', '16', '0', '0', '0', '0', '294  ']","['2/01/2012', 'Harnai', '26', '-3', '21', '-2', '60', '2', '0', '0', '0', '0', '252  ']","['2/01/2012', 'Mumbai (CLB)', '27', '-3', '19', '-1', '66', '-5', '0', '0', '0', '0.0', '216  ']","['2/01/2012', 'Mumbai (SCZ)', '28', '-3', '16', '-1', '72', '9', '0', '0', '0', '0.0', '235  ']","['2/01/2012', 'Ratnagiri', '34', '3', '20', '0', '80', '16', '0', '0', '0', '-', '301  ']","['2/01/2012', 'Ahmednagar', '-', '-', '15', '-', '70', '-', '0', '0', '0', '0', '62   ']","['2/01/2012', 'Jalgaon', '31', '1', '12', '0', '60', '-1', '0', '0', '0', '0', '75   ']","['2/01/2012', 'Kolhapur', '32', '2', '21', '6', '85', '24', '0', '0', '0', '0', '107  ']","['2/01/2012', 'Mahabaleshwar', '28', '4', '16', '2', '90', '34', '0', '0', '0', '0', '582  ']","['2/01/2012', 'Malegaon', '28', '-2', '9', '-2', '80', '25', '0', '0', '0', '0', '56   ']","['2/01/2012', 'Nasik', '28', '0', '11', '1', '80', '11', '0', '0', '0', '0', '68   ']","['2/01/2012', 'Pune', '32', '3', '15', '4', '80', '15', '0', '0', '0', '0', '74   ']","['2/01/2012', 'Pune AP(LHG)', '32', '-', '16', '-', '70', '-', '0', '0', '0', '0', '-']","['2/01/2012', 'Sangli', '31', '1', '19', '5', '90', '23', '0', '0', '-1', '0', '67   ']","['2/01/2012', 'Satara', '32', '-', '17', '-', '85', '-', '0', '0', '-1', '0', '96   ']","['2/01/2012', 'Solapur', '31', '1', '22', '7', '85', '33', '0', '0', '-1', '0', '76   ']","['2/01/2012', 'Aurangabad', '30', '1', '16', '6', '75', '20', '0', '0', '0', '0', '77   ']","['2/01/2012', 'Nanded', '-', '-', '13', '-', '65', '2', '0', '1', '0', 'TR', '94   ']","['2/01/2012', 'Osmanabad', '30', '-', '18', '-', '90', '-', '0', '0', '-1', '0', '82   ']","['2/01/2012', 'Parbhani', '33', '3', '19', '6', '90', '38', '0', '1', '0', 'TR', '97   ']","['2/01/2012', 'Akola', '31', '1', '18', '5', '50', '-2', '0', '0', '-1', '0', '83   ']","['2/01/2012', 'Amravati', '31', '3', '18', '3', '75', '25', '0', 'TR', '0', 'TR', '89   ']","['2/01/2012', 'Brahmapuri', '26', '-2', '21', '7', '70', '-4', '0', '0', '-1', '0', '139  ']","['2/01/2012', 'Buldhana', '28', '1', '16', '1', '80', '25', '0', '0', '0', '0', '85   ']","['2/01/2012', 'Nagpur', '28', '0', '21', '9', '95', '22', '1', '1', '0', 'TR', '113  ']","['2/01/2012', 'Wardha', '30', '1', '20', '6', '100', '48', '0', '0', '0', '0', '109  ']","['2/01/2012', 'Yeotmal', '29', '1', '-', '', '-', '-', '-', '-', '-', '-', '109  ']","['2/01/2012', 'Ahmedabad', '25', '-4', '13', '1', '75', '19', '0', '0', '0', '0.0', '78   ']","['2/01/2012', 'Delhi (PLM)', '18', '-3', '13', '8', '95', '15', '0', '0', '-1', '0', '75   ']","['2/01/2012', 'Delhi (SFD)', '23', '1', '12', '5', '95', '24', '1', '1', '0', 'TR', '78   ']","['2/01/2012', 'Bangalore A.P', '28', '1', '17', '2', '85', '5', '0', '0', '0', '0', '-']","['2/01/2012', 'Hyderabad', '29', '1', '21', '7', '85', '6', '0', '0', '-1', '0', '82   ']"
"['3/01/2012', 'Alibaug', '28', '-1', '19', '1', '90', '21', '0', '0', '0', '0', '226  ']","['3/01/2012', 'Bhira', '-', '-', '13', '', '85', '-', '0', '0', '0', '0', '490  ']","['3/01/2012', 'Dahanu', '25', '-3', '15', '-2', '85', '17', '0', '0', '0', '0', '200  ']","['3/01/2012', 'Goa(Dabolim)', '33', '-', '-', '-', '-', '-', '-', '-', '-', '-', '275  ']","['3/01/2012', 'Goa(Panjim)', '33', '-1', '23', '3', '96', '17', '0', '0', '0', '0.0', '294  ']","['3/01/2012', 'Harnai', '32', '3', '22', '-1', '65', '7', '0', '0', '0', '0', '252  ']","['3/01/2012', 'Mumbai (CLB)', '28', '-2', '20', '0', '94', '23', '0', '0', '0', '0.0', '216  ']","['3/01/2012', 'Mumbai (SCZ)', '31', '0', '17', '0', '88', '25', '0', '0', '0', '0.0', '235  ']","['3/01/2012', 'Ratnagiri', '31', '0', '19', '-1', '85', '21', '0', '0', '0', '0', '301  ']","['3/01/2012', 'Ahmednagar', '-', '-', '14', '2', '85', '29', '0', '0', '0', '0', '62   ']","['3/01/2012', 'Jalgaon', '30', '0', '10', '-2', '43', '-18', '0', '0', '-1', '0', '75   ']","['3/01/2012', 'Kolhapur', '32', '2', '19', '4', '85', '24', '0', '0', '0', '0', '107  ']","['3/01/2012', 'Mahabaleshwar', '27', '3', '15', '1', '80', '24', '0', '0', '0', '0', '582  ']","['3/01/2012', 'Malegaon', '27', '-3', '13', '2', '85', '30', '0', '0', '0', '0', '56   ']","['3/01/2012', 'Nasik', '30', '2', '12', '2', '90', '21', '0', '0', '0', '0', '68   ']","['3/01/2012', 'Pune', '31', '2', '15', '4', '95', '30', '0', '0', '0', '0', '74   ']","['3/01/2012', 'Pune AP(LHG)', '31', '-', '15', '-', '90', '-', '0', '0', '0', '0', '-']","['3/01/2012', 'Sangli', '32', '2', '18', '4', '90', '27', '0', '0', '0', '0', '67   ']","['3/01/2012', 'Satara', '-', '-', '16', '-', '90', '-', '0', '0', '0', '0', '96   ']","['3/01/2012', 'Solapur', '33', '3', '21', '6', '70', '18', '0', '0', '0', '0', '76   ']","['3/01/2012', 'Aurangabad', '30', '1', '16', '6', '80', '25', '0', '0', '0', '0', '77   ']","['3/01/2012', 'Nanded', '33', '3', '19', '6', '85', '22', '0', '1', '0', '0', '94   ']","['3/01/2012', 'Osmanabad', '30', '-', '17', '-', '85', '-', '0', '0', '0', '0', '82   ']","['3/01/2012', 'Parbhani', '32', '2', '18', '5', '85', '33', '0', '1', '0', '0', '97   ']","['3/01/2012', 'Akola', '30', '0', '17', '4', '85', '33', '0', '0', '-1', '0', '83   ']","['3/01/2012', 'Amravati', '29', '1', '17', '2', '80', '30', '0', '0', '0', '0', '89   ']","['3/01/2012', 'Brahmapuri', '-', '-', '19', '-', '80', '06', '0', '0', '-1', '0', '139  ']","['3/01/2012', 'Buldhana', '27', '0', '17', '2', '90', '35', '0', '0', '0', '0', '85   ']","['3/01/2012', 'Chandrapur', '-', '-', '-', '-', '-', '-', '-', '-', '-', '-', '128  ']","['3/01/2012', 'Nagpur', '30', '2', '18', '6', '80', '13', '0', '1', '-1', '0', '113  ']","['3/01/2012', 'Wardha', '30', '1', '18', '4', '90', '38', '0', '0', '-1', '0', '109  ']","['3/01/2012', 'Yeotmal', '30', '2', '18', '3', '80', '26', '0', '0', '0', '0', '109  ']","['3/01/2012', 'Ahmedabad', '25', '-4', '13', '1', '78', '22', '0', '0', '0', '0.0', '78   ']","['3/01/2012', 'Delhi (PLM)', '18', '-3', '7', '2', '90', '10', '0', '0', '-1', '0', '75   ']","['3/01/2012', 'Delhi (SFD)', '20', '-2', '8', '1', '95', '15', '0', '1', '-1', '0', '78   ']","['3/01/2012', 'Bangalore A.P', '28', '1', '16', '1', '85', '5', '0', '0', '-1', '0', '-']","['3/01/2012', 'Hyderabad', '31', '3', '20', '6', '85', '6', '0', '0', '-1', '0', '82   ']"
"['4/01/2012', 'Alibaug', '28', '-1', '17', '-1', '95', '26', '0', '0', '0', '0', '226  ']","['4/01/2012', 'Bhira', '-', '-', '10', '-', '90', '-', '0', '0', '0', '0', '490  ']","['4/01/2012', 'Dahanu', '26', '-2', '15', '-2', '85', '17', '0', '0', '0', '0', '200  ']","['4/01/2012', 'Goa(Dabolim)', '33', '-', '23', '-', '80', '-', '0', '0', '0', '0', '275  ']","['4/01/2012', 'Goa(Panjim)', '33', '1', '22', '2', '90', '11', '0', '0', '-1', '0', '294  ']","['4/01/2012', 'Harnai', '29', '0', '20', '-3', '-', '-', '0', '0', '0', '0', '252  ']","['4/01/2012', 'Mumbai (CLB)', '30', '0', '19', '-1', '96', '25', '0', '0', '0', '0', '216  ']","['4/01/2012', 'Mumbai (SCZ)', '31', '0', '16', '-1', '92', '29', '0', '0', '0', '0', '235  ']","['4/01/2012', 'Ratnagiri', '31', '0', '18', '-2', '80', '16', '0', '0', '0', '0', '301  ']","['4/01/2012', 'Ahmednagar', '34', '5', '11', '-1', '90', '34', '0', '0', '0', '0', '62   ']","['4/01/2012', 'Jalgaon', '31', '1', '11', '-1', '70', '9', '0', '0', '-1', '0', '75   ']","['4/01/2012', 'Kolhapur', '33', '3', '19', '4', '30', '29', '0', '0', '-1', '0', '107  ']","['4/01/2012', 'Malegaon', '29', '-1', '13', '2', '75', '20', '0', '0', '0', '0', '56   ']","['4/01/2012', 'Nasik', '31', '3', '10', '0', '90', '21', '0', '0', '0', '0', '68   ']","['4/01/2012', 'Pune', '31', '2', '13', '2', '80', '15', '0', '0', '0', '0', '74   ']","['4/01/2012', 'Pune AP(LHG)', '33', '-', '15', '-', '75', '-', '0', '0', '-1', '0', '-']","['4/01/2012', 'Sangli', '32', '2', '18', '4', '90', '27', '0', '0', '-1', '0', '67   ']","['4/01/2012', 'Satara', '33', '-', '15', '-', '75', '-', '0', '0', '-1', '0', '96   ']","['4/01/2012', 'Solapur', '34', '4', '19', '4', '70', '18', '0', '0', '-1', '0', '76   ']","['4/01/2012', 'Aurangabad', '30', '1', '15', '5', '75', '20', '0', '0', '0', '0', '77   ']","['4/01/2012', 'Nanded', '-', '-', '19', '-', '95', '22', '0', '1', '0', '0', '94   ']","['4/01/2012', 'Osmanabad', '31', '-', '15', '-', '75', '-', '0', '0', '-1', '0', '82   ']","['4/01/2012', 'Parbhani', '31', '1', '18', '5', '95', '3', '0', '1', '0', '0', '97   ']","['4/01/2012', 'Akola', '30', '0', '16', '3', '90', '38', '0', '0', '-1', '0', '83   ']","['4/01/2012', 'Amravati', '29', '1', '15', '0', '85', '35', '0', '0', '-1', '0', '89   ']","['4/01/2012', 'Brahmapuri', '26', '-2', '18', '4', '70', '-4', '0', '0', '-2', '0', '139  ']","['4/01/2012', 'Buldhana', '28', '1', '16', '1', '95', '40', '0', '0', '0', '0', '85   ']","['4/01/2012', 'Nagpur', '22', '5', '16', '3', '90', '21', '0', '0', '8', '1', '113  ']","['4/01/2012', 'Wardha', '26', '-3', '17', '3', '95', '43', '0', '0', '0', '0', '109  ']","['4/01/2012', 'Yeotmal', '28', '0', '18', '3', '80', '26', '0', '0', '-1', '0', '109  ']","['4/01/2012', 'Ahmedabad', '25', '-4', '11', '-1', '70', '14', '0', '0', '0', '-', '78   ']","['4/01/2012', 'Delhi (PLM)', '21', '0', '8', '3', '95', '15', '0', '0', '-1', '0', '75   ']","['4/01/2012', 'Delhi (SFD)', '21', '-1', '8', '1', '95', '24', '0', '0', '-2', '0', '78   ']","['4/01/2012', 'Bangalore A.P', '29', '2', '17', '2', '95', '15', '0', '0', '-1', '0', '-']","['4/01/2012', 'Hyderabad', '33', '5', '21', '7', '85', '6', '0', '0', '-1', '0', '82   ']"
"['5/01/2012', 'Alibaug', '28', '-1', '-', '', '-', '-', '-', '-', '-', '-', '226  ']","['5/01/2012', 'Bhira', '33', '-', '11', '-', '90', '-', '0', '0', '0', '0', '490  ']","['5/01/2012', 'Dahanu', '26', '-2', '15', '-2', '80', '12', '0', '0', '0', '0', '200  ']","['5/01/2012', 'Goa(Panjim)', '32', '0', '22', '2', '90', '11', '0', '0', '-1', '0', '294  ']","['5/01/2012', 'Harnai', '28', '-1', '21', '-2', '75', '17', '0', '0', '0', '0', '252  ']","['5/01/2012', 'Mumbai (CLB)', '30', '0', '18', '-2', '81', '10', '0', '0', '0', '0', '216  ']","['5/01/2012', 'Mumbai (SCZ)', '29', '-2', '14', '-3', '89', '26', '0', '0', '0', '0', '235  ']","['5/01/2012', 'Ratnagiri', '32', '1', '18', '-2', '75', '11', '0', '0', '0', '0', '301  ']","['5/01/2012', 'Ahmednagar', '35', '6', '12', '0', '80', '24', '0', '0', '0', '0', '62   ']","['5/01/2012', 'Jalgaon', '31', '1', '10', '2', '60', '-1', '0', '0', '-1', '0', '75   ']","['5/01/2012', 'Kolhapur', '33', '3', '19', '4', '85', '24', '0', '0', '-1', '0', '107  ']","['5/01/2012', 'Mahabaleshwar', '27', '3', '17', '3', '65', '9', '0', '0', '0', '0', '582  ']","['5/01/2012', 'Malegaon', '29', '-1', '12', '1', '65', '10', '0', '0', '0', '0', '56   ']","['5/01/2012', 'Nasik', '31', '3', '09', '-1', '70', '1', '0', '0', '0', '0', '68   ']","['5/01/2012', 'Pune', '33', '4', '13', '2', '90', '25', '0', '0', '0', '0', '74   ']","['5/01/2012', 'Pune AP(LHG)', '33', '-', '14', '-', '65', '-', '0', '0', '0', '0', '-']","['5/01/2012', 'Sangli', '33', '3', '18', '4', '80', '17', '0', '0', '-1', '0', '67   ']","['5/01/2012', 'Satara', '34', '-', '14', '-', '85', '-', '0', '0', '-1', '0', '96   ']","['5/01/2012', 'Solapur', '35', '5', '19', '4', '65', '13', '0', '0', '-1', '0', '76   ']","['5/01/2012', 'Aurangabad', '31', '2', '17', '7', '45', '-10', '0', '0', '0', '0', '77   ']","['5/01/2012', 'Nanded', '33', '3', '-', '', '-', '-', '-', '-', '-', '-', '94   ']","['5/01/2012', 'Osmanabad', '32', '-', '15', '-', '65', '-', '0', '0', '-1', '0', '82   ']","['5/01/2012', 'Parbhani', '34', '4', '18', '5', '80', '28', '0', '0', '0', '0', '97   ']","['5/01/2012', 'Akola', '31', '1', '13', '0', '95', '43', '0', '0', '-2', '0', '83   ']","['5/01/2012', 'Amravati', '30', '2', '-', '', '-', '-', '-', '-', '-', '-', '89   ']","['5/01/2012', 'Buldhana', '29', '2', '-', '', '-', '-', '-', '-', '-', '-', '85   ']","['5/01/2012', 'Chandrapur', '31', '2', '-', '', '-', '-', '-', '-', '-', '-', '128  ']","['5/01/2012', 'Nagpur', '29', '1', '18', '6', '95', '20', '0', '0', '-2', '0', '113  ']","['5/01/2012', 'Wardha', '31', '2', '-', '', '-', '-', '-', '-', '-', '-', '109  ']","['5/01/2012', 'Yeotmal', '30', '2', '-', '', '-', '-', '-', '-', '-', '-', '109  ']","['5/01/2012', 'Ahmedabad', '28', '-1', '12', '0', '80', '24', '0', '0', '0', '0', '78   ']","['5/01/2012', 'Delhi (PLM)', '22', '1', '11', '6', '95', '15', '0', '0', '-1', '0', '75   ']","['5/01/2012', 'Delhi (SFD)', '22', '0', '11', '4', '95', '24', '0', '0', '-2', '0', '78   ']","['5/01/2012', 'Bangalore A.P', '30', '3', '17', '2', '90', '10', '0', '0', '-1', '0', '-']","['5/01/2012', 'Hyderabad', '33', '5', '21', '7', '80', '1', '0', '0', '-1', '0', '82   ']"
"['6/01/2012', 'Alibaug', '29', '1', '18', '0', '80', '11', '0', '0', '0', '0', '226  ']","['6/01/2012', 'Bhira', '36', '-', '11', '-', '95', '-', '0', '0', '0', '0', '490  ']","['6/01/2012', 'Dahanu', '26', '-2', '16', '-1', '85', '17', '0', '0', '0', '0', '200  ']","['6/01/2012', 'Goa(Panjim)', '32', '0', '23', '3', '95', '16', '0', '0', '-1', '0', '294  ']","['6/01/2012', 'Harnai', '28', '0', '21', '-1', '75', '16', '0', '0', '0', '0', '252  ']","['6/01/2012', 'Mumbai (CLB)', '29', '-1', '20', '0', '94', '23', '0', '0', '0', '0', '216  ']","['6/01/2012', 'Mumbai (SCZ)', '31', '0', '15', '-2', '92', '29', '0', '0', '0', '0', '235  ']","['6/01/2012', 'Ratnagiri', '34', '3', '0', '-1', '85', '20', '0', '0', '0', '0', '301  ']","['6/01/2012', 'Ahmednagar', '34', '5', '11', '-1', '95', '40', '0', '0', '0', '0', '62   ']","['6/01/2012', 'Jalgaon', '32', '2', '11', '-1', '60', '10', '0', '0', '-1', '0', '75   ']","['6/01/2012', 'Kolhapur', '33', '3', '19', '4', '80', '20', '0', '0', '-1', '0', '107  ']","['6/01/2012', 'Mahabaleshwar', '29', '5', '16', '2', '70', '15', '0', '0', '-1', '0', '582  ']","['6/01/2012', 'Malegaon', '29', '-1', '12', '1', '65', '11', '0', '0', '0', '0', '56   ']","['6/01/2012', 'Nasik', '32', '4', '9', '-1', '85', '16', '0', '0', '0', '0', '68   ']","['6/01/2012', 'Pune', '32', '3', '14', '3', '95', '30', '0', '0', '0', '0', '74   ']","['6/01/2012', 'Pune AP(LHG)', '33', '-', '15', '-', '80', '-', '0', '0', '0', '0', '-']","['6/01/2012', 'Sangli', '33', '3', '18', '4', '85', '23', '0', '0', '-1', '0', '67   ']","['6/01/2012', 'Satara', '33', '-', '16', '-', '80', '-', '0', '0', '-2', '0', '96   ']","['6/01/2012', 'Solapur', '35', '5', '19', '3', '60', '8', '0', '0', '-2', '0', '76   ']","['6/01/2012', 'Aurangabad', '32', '3', '15', '5', '70', '16', '0', '0', '0', '0', '77   ']","['6/01/2012', 'Nanded', '33', '3', '17', '4', '75', '12', '0', '1', '0', '0', '94   ']","['6/01/2012', 'Osmanabad', '32', '-', '16', '-', '75', '-', '0', '0', '-2', '0', '82   ']","['6/01/2012', 'Parbhani', '33', '3', '15', '2', '75', '24', '0', '0', '0', '0', '97   ']","['6/01/2012', 'Akola', '33', '3', '13', '0', '70', '19', '0', '0', '-2', '0', '83   ']","['6/01/2012', 'Amravati', '30', '1', '14', '-1', '80', '30', '0', '0', '-2', '0', '89   ']","['6/01/2012', 'Brahmapuri', '31', '3', '20', '6', '80', '6', '0', '0', '-4', '0', '139  ']","['6/01/2012', 'Buldhana', '30', '3', '16', '1', '55', '0', '0', '0', '-1', '0', '85   ']","['6/01/2012', 'Chandrapur', '32', '3', '21', '8', '85', '12', '0', '0', '-1', '0', '128  ']","['6/01/2012', 'Nagpur', '31', '3', '16', '4', '75', '9', '0', '0', '-4', '0', '113  ']","['6/01/2012', 'Wardha', '33', '4', '15', '-1', '75', '24', '0', '0', '0', '0', '109  ']","['6/01/2012', 'Yeotmal', '31', '3', '17', '2', '80', '26', '0', '0', '-2', '0', '109  ']","['6/01/2012', 'Ahmedabad', '29', '0', '14', '2', '90', '35', '0', '0', '-1', '0', '78   ']","['6/01/2012', 'Delhi (PLM)', '21', '0', '13', '0', '95', '14', '0', '0', '-1', '0', '75   ']","['6/01/2012', 'Delhi (SFD)', '19', '-3', '12', '5', '95', '23', '0', '0', '-3', '0', '78   ']","['6/01/2012', 'Bangalore A.P', '29', '1', '16', '1', '90', '10', '0', '0', '-1', '0', '-']","['6/01/2012', 'Hyderabad', '34', '6', '20', '6', '80', '1', '0', '0', '-2', '0', '82   ']"
"['7/01/2012', 'Alibaug', '29', '1', '16', '-2', '90', '21', '0', '0', '0', '0', '226  ']","['7/01/2012', 'Bhira', '35', '-', '09', '-', '90', '-', '0', '0', '0', '0', '490  ']","['7/01/2012', 'Dahanu', '27', '-1', '16', '-1', '85', '17', '0', '0', '0', '0', '200  ']","['7/01/2012', 'Goa(Panjim)', '33', '1', '22', '2', '95', '16', '0', '0', '-1', '0.0', '294  ']","['7/01/2012', 'Harnai', '28', '0', '20', '-2', '55', '-4', '0', '0', '0', '0', '252  ']","['7/01/2012', 'Mumbai (CLB)', '29', '0', '19', '-1', '94', '23', '0', '0', '0', '0.0', '216  ']","['7/01/2012', 'Mumbai (SCZ)', '31', '0', '15', '-1', '87', '24', '0', '0', '0', '0.0', '235  ']","['7/01/2012', 'Ratnagiri', '33', '2', '16', '-3', '75', '10', '0', '0', '0', '0', '301  ']","['7/01/2012', 'Ahmednagar', '35', '6', '9', '-3', '90', '35', '0', '0', '0', '0', '62   ']","['7/01/2012', 'Jalgaon', '31', '1', '-', '', '-', '-', '-', '-', '-', '-', '75   ']","['7/01/2012', 'Kolhapur', '34', '4', '18', '3', '75', '15', '0', '0', '-1', '0', '107  ']","['7/01/2012', 'Mahabaleshwar', '28', '4', '16', '2', '50', '-5', '0', '0', '-1', '0', '582  ']","['7/01/2012', 'Malegaon', '28', '-2', '12', '1', '75', '21', '0', '0', '0', '0', '56   ']","['7/01/2012', 'Nasik', '30', '2', '10', '0', '80', '11', '0', '0', '0', '0', '68   ']","['7/01/2012', 'Pune', '32', '3', '11', '0', '90', '25', '0', '0', '0', '0', '74   ']","['7/01/2012', 'Pune AP(LHG)', '34', '-', '14', '-', '70', '-', '0', '0', '0', '0', '-']","['7/01/2012', 'Sangli', '33', '3', '17', '3', '75', '13', '0', '0', '-1', '0', '67   ']","['7/01/2012', 'Satara', '33', '-', '17', '-', '75', '-', '0', '0', '-2', '0', '96   ']","['7/01/2012', 'Solapur', '34', '4', '18', '2', '50', '-2', '0', '0', '-2', '0', '76   ']","['7/01/2012', 'Aurangabad', '31', '2', '12', '2', '60', '6', '0', '0', '0', '0', '77   ']","['7/01/2012', 'Nanded', '34', '4', '17', '4', '75', '12', '0', '1', '0', '0', '94   ']","['7/01/2012', 'Osmanabad', '32', '-', '14', '-', '45', '-', '0', '0', '-2', '0', '82   ']","['7/01/2012', 'Parbhani', '34', '4', '15', '2', '75', '24', '0', '0', '0', '0', '97   ']","['7/01/2012', 'Akola', '33', '3', '12', '-1', '65', '14', '0', '0', '-3', '0', '83   ']","['7/01/2012', 'Amravati', '31', '2', '14', '-1', '75', '25', '0', '0', '-3', '0', '89   ']","['7/01/2012', 'Brahmapuri', '32', '4', '21', '8', '85', '12', '0', '0', '-2', '0', '139  ']","['7/01/2012', 'Buldhana', '29', '2', '17', '2', '65', '10', '0', '0', '-2', '0', '85   ']","['7/01/2012', 'Chandrapur', '33', '4', '21', '8', '85', '12', '0', '0', '-2', '0', '128  ']","['7/01/2012', 'Nagpur', '31', '3', '17', '5', '80', '14', '0', '1', '-5', '0', '113  ']","['7/01/2012', 'Wardha', '33', '4', '15', '1', '75', '24', '0', '0', '-1', '0', '109  ']","['7/01/2012', 'Yeotmal', '31', '3', '15', '0', '70', '16', '0', '0', '-2', '0', '109  ']","['7/01/2012', 'Ahmedabad', '28', '-1', '13', '1', '65', '9', '0', '0', '-1', '0.0', '78   ']","['7/01/2012', 'Delhi (PLM)', '17', '-4', '13', '8', '90', '9', '7', '7', '6', '1', '75   ']","['7/01/2012', 'Delhi (SFD)', '17', '-5', '13', '', '55', '23', '8', '9', '4', '1', '78   ']","['7/01/2012', 'Bangalore A.P', '30', '2', '-', '', '-', '-', '-', '-', '-', '-', '-']","['7/01/2012', 'Hyderabad', '35', '7', '19', '5', '60', '-19', '0', '0', '-2', '0', '82   ']"
"['8/01/2012', 'Alibaug', '28', '0', '17', '-1', '77', '8', '0', '0', '0', '0', '226  ']","['8/01/2012', 'Dahanu', '26', '-2', '16', '-1', '55', '-13', '0', '0', '0', '0', '200  ']","['8/01/2012', 'Goa(Dabolim)', '32', '0', '20', '0', '90', '11', '0', '0', '-1', '0', '275  ']","['8/01/2012', 'Goa(Panjim)', '32', '0', '20', '0', '90', '11', '0', '0', '-1', '0.0', '294  ']","['8/01/2012', 'Harnai', '27', '-1', '19', '-3', '60', '1', '0', '0', '0', '0', '252  ']","['8/01/2012', 'Mumbai (CLB)', '28', '-2', '17', '-3', '79', '8', '0', '0', '0', '0.0', '216  ']","['8/01/2012', 'Mumbai (SCZ)', '30', '-1', '14', '-3', '87', '24', '0', '0', '0', '0.0', '235  ']","['8/01/2012', 'Ratnagiri', '31', '0', '15', '-4', '75', '10', '0', '0', '-1', '0', '301  ']","['8/01/2012', 'Ahmednagar', '33', '4', '8', '-4', '80', '25', '0', '0', '-1', '0', '62   ']","['8/01/2012', 'Jalgaon', '30', '0', '10', '-2', '60', '0', '0', '0', '-1', '0', '75   ']","['8/01/2012', 'Kolhapur', '33', '3', '17', '2', '73', '13', '0', '0', '-1', '0', '107  ']","['8/01/2012', 'Mahabaleshwar', '27', '3', '14', '0', '30', '25', '0', '0', '-1', '0', '582  ']","['8/01/2012', 'Malegaon', '-', '-', '12', '-', '75', '21', '0', '0', '-1', '0', '56   ']","['8/01/2012', 'Nasik', '29', '1', '8', '-2', '85', '16', '0', '0', '0', '0', '68   ']","['8/01/2012', 'Pune', '31', '2', '9', '-2', '80', '15', '0', '0', '0', '0', '74   ']","['8/01/2012', 'Pune AP(LHG)', '33', '-', '12', '-', '70', '-', '0', '0', '0', '0', '-']","['8/01/2012', 'Sangli', '33', '3', '14', '0', '70', '8', '0', '0', '0', '0', '67   ']","['8/01/2012', 'Satara', '33', '-', '10', '-', '80', '-', '0', '0', '-2', '0', '96   ']","['8/01/2012', 'Solapur', '35', '5', '16', '0', '52', '0', '0', '0', '-2', '0', '76   ']","['8/01/2012', 'Aurangabad', '30', '1', '12', '2', '80', '26', '0', '0', '0', '0', '77   ']","['8/01/2012', 'Osmanabad', '32', '-', '-', '-', '-', '-', '-', '-', '-', '-', '82   ']","['8/01/2012', 'Parbhani', '32', '2', '14', '1', '67', '16', '0', '0', '0', 'TR', '97   ']","['8/01/2012', 'Akola', '31', '1', '11', '-2', '69', '18', '0', '0', '-4', '0', '83   ']","['8/01/2012', 'Amravati', '31', '2', '13', '-2', '68', '18', '0', '0', '-3', '0', '89   ']","['8/01/2012', 'Brahmapuri', '32', '4', '20', '6', '75', '1', '0', '0', '-5', '0', '139  ']","['8/01/2012', 'Buldhana', '28', '1', '14', '-1', '73', '18', '0', '0', '-2', '0', '85   ']","['8/01/2012', 'Chandrapur', '32', '4', '19', '6', '83', '10', '0', '0', '-2', '0', '128  ']","['8/01/2012', 'Nagpur', '30', '2', '15', '3', '75', '9', '0', '1', '-6', 'TR', '113  ']","['8/01/2012', 'Wardha', '33', '4', '15', '1', '75', '24', '0', '0', '-1', '0', '109  ']","['8/01/2012', 'Yeotmal', '30', '2', '14', '-1', '69', '15', '0', '0', '-3', '0', '109  ']","['8/01/2012', 'Ahmedabad', '28', '-1', '7', '-5', '57', '1', '0', '0', '-1', '0.0', '78   ']","['8/01/2012', 'Delhi (PLM)', '18', '-3', '11', '6', '80', '-1', '0', '7', '6', '1', '75   ']","['8/01/2012', 'Delhi (SFD)', '18', '-4', '12', '5', '80', '8', '0', '9', '3', '1', '78   ']","['8/01/2012', 'Bangalore A.P', '29', '1', '15', '0', '85', '5', '0', '0', '-2', '0', '-']","['8/01/2012', 'Hyderabad', '34', '6', '19', '5', '85', '6', '0', '0', '-2', '0', '82   ']"
"['9/01/2012', 'Bhira', '33', '-', '-', '-', '-', '-', '-', '-', '-', '-', '490  ']","['9/01/2012', 'Dahanu', '26', '-2', '15', '-2', '50', '-18', '0', '0', '0', '0', '200  ']","['9/01/2012', 'Goa(Panjim)', '33', '1', '17', '-3', '83', '4', '0', '0', '-1', '0.0', '294  ']","['9/01/2012', 'Harnai', '27', '-1', '17', '-5', '35', '-24', '0', '0', '0', '0', '252  ']","['9/01/2012', 'Mumbai (CLB)', '29', '0', '15', '-5', '50', '-21', '0', '0', '-1', '0.0', '216  ']","['9/01/2012', 'Mumbai (SCZ)', '29', '-2', '11', '-5', '69', '6', '0', '0', '0', '0.0', '235  ']","['9/01/2012', 'Ratnagiri', '30', '-1', '13', '-6', '80', '15', '0', '0', '-1', '0', '301  ']","['9/01/2012', 'Ahmednagar', '31', '2', '8', '-4', '100', '45', '0', '0', '-1', '0', '62   ']","['9/01/2012', 'Jalgaon', '30', '0', '9', '-3', '65', '5', '0', '0', '-1', '0', '75   ']","['9/01/2012', 'Kolhapur', '33', '3', '14', '-1', '67', '7', '0', '0', '-1', '0', '107  ']","['9/01/2012', 'Mahabaleshwar', '27', '3', '12', '-2', '25', '-30', '0', '0', '-1', '0', '582  ']","['9/01/2012', 'Malegaon', '30', '0', '8', '-3', '75', '21', '0', '0', '-1', '0', '56   ']","['9/01/2012', 'Nasik', '27', '-1', '5', '-5', '70', '1', '0', '0', '0', '0', '68   ']","['9/01/2012', 'Pune', '30', '1', '7', '-4', '90', '25', '0', '0', '0', '0', '74   ']","['9/01/2012', 'Pune AP(LHG)', '32', '-', '9', '-', '60', '-', '0', '0', '0', '0', '-']","['9/01/2012', 'Sangli', '33', '3', '12', '-2', '70', '8', '0', '0', '0', '0', '67   ']","['9/01/2012', 'Satara', '32', '-', '12', '-', '45', '-', '0', '0', '-3', '0', '96   ']","['9/01/2012', 'Solapur', '34', '4', '13', '0', '65', '14', '0', '1', '0', 'TR', '76   ']","['9/01/2012', 'Aurangabad', '28', '-1', '10', '0', '65', '11', '0', '0', '-1', '0', '77   ']","['9/01/2012', 'Nanded', '32', '2', '17', '4', '85', '22', '0', '1', '0', '0', '94   ']","['9/01/2012', 'Osmanabad', '33', '-', '12', '-', '45', '-', '0', '0', '-3', '0', '82   ']","['9/01/2012', 'Parbhani', '32', '2', '13', '0', '65', '14', '0', '1', '0', 'TR', '97   ']","['9/01/2012', 'Akola', '31', '1', '10', '-3', '67', '16', '0', '0', '-5', '0', '83   ']","['9/01/2012', 'Amravati', '29', '0', '12', '-3', '85', '35', '0', '0', '-4', '0', '89   ']","['9/01/2012', 'Brahmapuri', '33', '5', '16', '2', '75', '1', '0', '0', '-6', '0', '139  ']","['9/01/2012', 'Buldhana', '27', '0', '12', '-3', '75', '20', '0', '0', '-3', '0', '85   ']","['9/01/2012', 'Chandrapur', '32', '3', '18', '-5', '80', '7', '0', '0', '-2', '0', '128  ']","['9/01/2012', 'Nagpur', '30', '2', '15', '3', '80', '14', '0', '1', '-7', 'TR', '113  ']","['9/01/2012', 'Wardha', '32', '3', '15', '1', '85', '34', '0', '0', '-1', '0', '109  ']","['9/01/2012', 'Yeotmal', '30', '2', '13', '-2', '75', '21', '0', '0', '-4', '0', '109  ']","['9/01/2012', 'Ahmedabad', '25', '-4', '10', '-2', '60', '5', '0', '0', '-1', '0', '78   ']","['9/01/2012', 'Delhi (PLM)', '18', '-3', '8', '3', '100', '19', '0', '7', '6', '1', '75   ']","['9/01/2012', 'Delhi (SFD)', '18', '-4', '8', '1', '95', '23', '0', '9', '3', '1', '78   ']","['9/01/2012', 'Bangalore A.P', '29', '1', '16', '1', '90', '10', '0', '0', '-2', '0', '-']","['9/01/2012', 'Hyderabad', '34', '6', '17', '3', '52', '-27', '0', '0', '-2', '0', '82   ']"
"['10/01/2012', 'Alibaug', '27', '-1', '15', '-3', '70', '1', '0', '0', '-1', '0', '226  ']","['10/01/2012', 'Dahanu', '24', '-4', '14', '-3', '67', '-1', '0', '0', '0', '0', '200  ']","['10/01/2012', 'Goa(Panjim)', '31', '-1', '17', '-3', '88', '9', '0', '0', '-1', '0.0', '294  ']","['10/01/2012', 'Harnai', '26', '-2', '18', '-4', '47', '-12', '0', '0', '0', '0', '252  ']","['10/01/2012', 'Mumbai (CLB)', '27', '-2', '17', '-3', '61', '-10', '0', '0', '-1', '0.0', '216  ']","['10/01/2012', 'Mumbai (SCZ)', '29', '-2', '12', '-4', '84', '21', '0', '0', '0', '0.0', '235  ']","['10/01/2012', 'Ratnagiri', '30', '-1', '14', '-5', '60', '-5', '0', '0', '-1', '0', '301  ']","['10/01/2012', 'Ahmednagar', '29', '0', '8', '-4', '75', '20', '0', '0', '-2', '0', '62   ']","['10/01/2012', 'Jalgaon', '27', '-3', '7', '-5', '65', '5', '0', '0', '-1', '0', '75   ']","['10/01/2012', 'Kolhapur', '30', '0', '15', '0', '60', '0', '0', '0', '-1', '0', '107  ']","['10/01/2012', 'Mahabaleshwar', '26', '2', '10', '-4', '57', '2', '0', '0', '-1', '0', '582  ']","['10/01/2012', 'Malegaon', '-', '-', '8', '-', '65', '11', '0', '0', '-1', '0', '56   ']","['10/01/2012', 'Nasik', '26', '-2', '7', '-3', '70', '1', '0', '0', '0', '0', '68   ']","['10/01/2012', 'Pune', '28', '-1', '8', '-3', '85', '20', '0', '0', '0', '0', '74   ']","['10/01/2012', 'Pune AP(LHG)', '30', '-', '10', '-', '65', '-', '0', '0', '0', '0', '-']","['10/01/2012', 'Sangli', '30', '0', '13', '-1', '67', '5', '0', '0', '-3', '0', '67   ']","['10/01/2012', 'Satara', '31', '-', '9', '-', '75', '-', '0', '0', '-2', '0', '96   ']","['10/01/2012', 'Solapur', '31', '1', '14', '-2', '55', '3', '0', '0', '-2', '0', '76   ']","['10/01/2012', 'Aurangabad', '27', '-2', '11', '1', '55', '1', '0', '0', '-1', '0', '77   ']","['10/01/2012', 'Nanded', '-', '-', '17', '-', '85', '22', '0', '1', '-1', '0', '94   ']","['10/01/2012', 'Osmanabad', '-', '-', '11', '-', '50', '-', '0', '0', '-3', '0', '82   ']","['10/01/2012', 'Parbhani', '29', '-1', '10', '-3', '65', '14', '0', '1', '-1', '1', '97   ']","['10/01/2012', 'Akola', '28', '-2', '7', '-6', '67', '16', '0', '0', '-5', '0', '83   ']","['10/01/2012', 'Amravati', '29', '0', '12', '-3', '80', '30', '0', '0', '-4', '0', '89   ']","['10/01/2012', 'Brahmapuri', '26', '-2', '16', '2', '75', '1', '0', '0', '-7', '0', '139  ']","['10/01/2012', 'Buldhana', '24', '-3', '12', '-3', '75', '20', '0', '0', '-4', '0', '85   ']","['10/01/2012', 'Chandrapur', '27', '-2', '18', '5', '75', '2', '0', '0', '-3', '0', '128  ']","['10/01/2012', 'Nagpur', '26', '-2', '12', '0', '70', '4', '0', '1', '-7', '0', '113  ']","['10/01/2012', 'Wardha', '28', '-1', '15', '1', '87', '36', '0', '0', '-1', '0', '109  ']","['10/01/2012', 'Yeotmal', '28', '0', '13', '-2', '75', '21', '0', '0', '-4', '0', '109  ']","['10/01/2012', 'Ahmedabad', '24', '-5', '9', '-3', '60', '5', '0', '0', '-1', '0.0', '78   ']","['10/01/2012', 'Delhi (PLM)', '17', '-4', '4', '-1', '90', '9', '0', '7', '6', '1', '75   ']","['10/01/2012', 'Delhi (SFD)', '18', '-4', '5', '-2', '95', '23', '0', '9', '2', '1', '78   ']","['10/01/2012', 'Bangalore A.P', '31', '3', '18', '3', '90', '10', '0', '0', '-2', '0', '-']","['10/01/2012', 'Hyderabad', '33', '5', '19', '5', '70', '-9', '0', '0', '-2', '0', '82   ']"
"['11/01/2012', 'Alibaug', '28', '0', '17', '-1', '65', '-4', '0', '0', '-1', '0', '226  ']","['11/01/2012', 'Dahanu', '24', '-4', '13', '-4', '70', '2', '0', '0', '0', '0', '200  ']","['11/01/2012', 'Goa(Panjim)', '31', '-1', '20', '1', '81', '1', '0', '0', '-1', '0.0', '294  ']","['11/01/2012', 'Harnai', '27', '-1', '21', '-1', '30', '-29', '0', '0', '0', '0', '252  ']","['11/01/2012', 'Mumbai (CLB)', '29', '0', '18', '-1', '49', '-22', '0', '0', '-1', '0.0', '216  ']","['11/01/2012', 'Mumbai (SCZ)', '29', '-2', '15', '-1', '37', '-26', '0', '0', '0', '0.0', '235  ']","['11/01/2012', 'Ratnagiri', '31', '0', '16', '-3', '30', '-36', '0', '0', '-1', '0', '301  ']","['11/01/2012', 'Ahmednagar', '28', '-1', '8', '-4', '65', '11', '0', '0', '-1', '0', '62   ']","['11/01/2012', 'Jalgaon', '27', '-3', '8', '-5', '60', '0', '0', '0', '-1', '0', '75   ']","['11/01/2012', 'Kolhapur', '30', '0', '14', '-1', '60', '0', '0', '0', '-1', '0', '107  ']","['11/01/2012', 'Mahabaleshwar', '24', '0', '11', '-3', '57', '3', '0', '0', '-1', '0', '582  ']","['11/01/2012', 'Malegaon', '25', '-5', '8', '-3', '75', '22', '0', '0', '-1', '0', '56   ']","['11/01/2012', 'Nasik', '25', '-3', '6', '-4', '57', '-11', '0', '0', '0', '0', '68   ']","['11/01/2012', 'Pune', '27', '-2', '8', '-3', '80', '16', '0', '0', '0', '0', '74   ']","['11/01/2012', 'Pune AP(LHG)', '27', '-', '10', '-', '47', '-', '0', '0', '0', '0', '-']","['11/01/2012', 'Sangli', '30', '0', '13', '-1', '65', '4', '0', '0', '-3', '0', '67   ']","['11/01/2012', 'Satara', '30', '-', '10', '-', '67', '-', '0', '0', '-2', '0', '96   ']","['11/01/2012', 'Solapur', '30', '0', '13', '-3', '50', '-1', '0', '0', '-2', '0', '76   ']","['11/01/2012', 'Aurangabad', '26', '-3', '11', '1', '47', '-6', '0', '0', '-1', '0', '77   ']","['11/01/2012', 'Nanded', '-', '-', '11', '-', '50', '-7', '0', '1', '-1', '0', '94   ']","['11/01/2012', 'Osmanabad', '29', '-', '11', '-', '45', '-', '0', '0', '-3', '0', '82   ']","['11/01/2012', 'Parbhani', '28', '-2', '9', '-5', '60', '10', '0', '1', '-1', '1', '97   ']","['11/01/2012', 'Akola', '28', '-2', '7', '-7', '60', '10', '0', '0', '-6', '0', '83   ']","['11/01/2012', 'Amravati', '26', '-3', '11', '-4', '65', '6', '0', '0', '-5', '0', '89   ']","['11/01/2012', 'Brahmapuri', '-', '-', '11', '-', '50', '-23', '0', '0', '-7', '0', '139  ']","['11/01/2012', 'Buldhana', '-', '-', '11', '-', '50', '-4', '0', '0', '-4', '0', '85   ']","['11/01/2012', 'Chandrapur', '27', '-2', '11', '-3', '70', '-2', '0', '0', '-3', '0', '128  ']","['11/01/2012', 'Nagpur', '25', '-3', '8', '-5', '60', '-6', '0', '1', '-7', '0', '113  ']","['11/01/2012', 'Wardha', '26', '-3', '10', '-4', '65', '14', '0', '0', '-1', '0', '109  ']","['11/01/2012', 'Yeotmal', '26', '-2', '10', '-5', '45', '-8', '0', '0', '-5', '0', '109  ']","['11/01/2012', 'Ahmedabad', '24', '-5', '12', '0', '56', '1', '0', '0', '-1', '0.0', '78   ']","['11/01/2012', 'Delhi (PLM)', '17', '-4', '5', '0', '90', '9', '0', '7', '6', '1', '75   ']","['11/01/2012', 'Delhi (SFD)', '18', '-4', '5', '-2', '90', '18', '0', '9', '1', '1', '78   ']","['11/01/2012', 'Bangalore A.P', '29', '1', '16', '1', '95', '16', '0', '0', '-2', '0', '-']","['11/01/2012', 'Hyderabad', '29', '1', '16', '2', '77', '-2', '0', '0', '-2', '0', '82   ']"
"['12/01/2012', 'Alibaug', '33', '5', '18', '0', '50', '-19', '0', '0', '-1', '0', '226  ']","['12/01/2012', 'Bhira', '-', '-', '-', '-', '-', '-', '-', '-', '-', '-', '490  ']","['12/01/2012', 'Dahanu', '26', '-2', '14', '-3', '65', '-3', '0', '0', '0', '0', '200  ']","['12/01/2012', 'Goa(Panjim)', '33', '1', '20', '1', '72', '-8', '0', '0', '-1', '0.0', '294  ']","['12/01/2012', 'Harnai', '30', '2', '21', '-1', '30', '-29', '0', '0', '0', '0', '252  ']","['12/01/2012', 'Mumbai (CLB)', '32', '3', '19', '0', '52', '-19', '0', '0', '-1', '0.0', '216  ']","['12/01/2012', 'Mumbai (SCZ)', '31', '0', '17', '1', '37', '-26', '0', '0', '0', '0.0', '235  ']","['12/01/2012', 'Ratnagiri', '33', '2', '17', '-2', '25', '-41', '0', '0', '-1', '0', '301  ']","['12/01/2012', 'Ahmednagar', '29', '0', '5', '-7', '75', '21', '0', '0', '-1', '0', '62   ']","['12/01/2012', 'Jalgaon', '27', '-3', '10', '-3', '42', '-18', '0', '0', '-1', '0', '75   ']","['12/01/2012', 'Kolhapur', '29', '-1', '15', '0', '47', '-13', '0', '0', '-1', '0', '107  ']","['12/01/2012', 'Mahabaleshwar', '24', '0', '11', '-3', '40', '-14', '0', '0', '-1', '0', '582  ']","['12/01/2012', 'Malegaon', '24', '-6', '7', '-4', '65', '12', '0', '0', '-1', '0', '56   ']","['12/01/2012', 'Nasik', '25', '-3', '6', '-4', '65', '-3', '0', '0', '0', '0', '68   ']","['12/01/2012', 'Pune', '26', '-3', '7', '-4', '90', '26', '0', '0', '0', '0', '74   ']","['12/01/2012', 'Pune AP(LHG)', '26', '-', '10', '-', '55', '-', '0', '0', '0', '0', '-']","['12/01/2012', 'Sangli', '29', '-1', '13', '-1', '50', '-11', '0', '0', '-3', '0', '67   ']","['12/01/2012', 'Satara', '29', '-', '10', '-', '75', '-', '0', '0', '-2', '0', '96   ']","['12/01/2012', 'Solapur', '29', '-2', '13', '-3', '40', '-11', '0', '0', '-2', '0', '76   ']","['12/01/2012', 'Aurangabad', '27', '-2', '9', '-1', '42', '-11', '0', '0', '-1', '0', '77   ']","['12/01/2012', 'Nanded', '-', '-', '11', '-', '53', '-', '0', '1', '-2', '0', '94   ']","['12/01/2012', 'Osmanabad', '29', '-', '10', '-', '40', '-', '0', '0', '-3', '0', '82   ']","['12/01/2012', 'Parbhani', '28', '-2', '9', '-5', '57', '7', '0', '1', '-1', '1', '97   ']","['12/01/2012', 'Akola', '29', '-1', '7', '-7', '65', '15', '0', '0', '-6', '0', '83   ']","['12/01/2012', 'Amravati', '26', '-3', '11', '-4', '50', '-9', '0', '0', '-5', '0', '89   ']","['12/01/2012', 'Brahmapuri', '27', '-1', '11', '-3', '55', '-18', '0', '-', '-', '-', '139  ']","['12/01/2012', 'Buldhana', '-', '-', '11', '-', '50', '-4', '0', '0', '-8', '0', '85   ']","['12/01/2012', 'Chandrapur', '28', '-1', '10', '-4', '75', '3', '0', '0', '-5', '0', '128  ']","['12/01/2012', 'Nagpur', '25', '-3', '9', '-4', '50', '-16', '0', '1', '-8', '0', '113  ']","['12/01/2012', 'Wardha', '27', '-2', '10', '-4', '63', '12', '0', '0', '-2', '0', '109  ']","['12/01/2012', 'Yeotmal', '25', '-3', '10', '-5', '55', '2', '0', '0', '-5', '0', '109  ']","['12/01/2012', 'Ahmedabad', '25', '-5', '10', '-1', '43', '-12', '0', '0', '-1', '0.0', '78   ']","['12/01/2012', 'Delhi (PLM)', '19', '-2', '4', '-1', '90', '9', '0', '7', '6', '1', '75   ']","['12/01/2012', 'Delhi (SFD)', '19', '-3', '5', '-2', '95', '23', '0', '9', '1', '1', '78   ']","['12/01/2012', 'Bangalore A.P', '29', '1', '17', '2', '90', '11', '0', '0', '-3', '0', '-']","['12/01/2012', 'Hyderabad', '27', '-1', '15', '1', '50', '-29', 'TR', '0', '-2', '0', '82   ']"
"['13/01/2012', 'Alibaug', '32', '4', '16', '-2', '65', '-4', '0', '0', '-1', '0', '226  ']","['13/01/2012', 'Bhira', '33', '-', '-', '-', '-', '-', '-', '-', '-', '-', '490  ']","['13/01/2012', 'Dahanu', '28', '0', '14', '-3', '65', '-3', '0', '0', '0', '0', '200  ']","['13/01/2012', 'Goa(Dabolim)', '32', '-', '-', '-', '-', '-', '-', '-', '-', '-', '275  ']","['13/01/2012', 'Goa(Panjim)', '33', '1', '21', '2', '74', '-6', '0', '0', '-1', '0', '294  ']","['13/01/2012', 'Harnai', '32', '4', '21', '-1', '27', '32', '0', '0', '0', '0', '252  ']","['13/01/2012', 'Mumbai (CLB)', '33', '4', '16', '-3', '51', '-20', '0', '0', '-1', '0', '216  ']","['13/01/2012', 'Mumbai (SCZ)', '33', '2', '15', '-1', '38', '-25', '0', '0', '0', '0', '235  ']","['13/01/2012', 'Ratnagiri', '33', '2', '19', '0', '23', '43', '0', '0', '-1', '0', '301  ']","['13/01/2012', 'Ahmednagar', '29', '0', '9', '3', '63', '9', '0', '0', '-1', '0', '62   ']","['13/01/2012', 'Jalgaon', '27', '3', '9', '-4', '43', '17', '0', '0', '-1', '0', '75   ']","['13/01/2012', 'Kolhapur', '28', '-2', '15', '0', '45', '15', '0', '0', '-1', '0', '107  ']","['13/01/2012', 'Mahabaleshwar', '24', '0', '11', '-3', '40', '-14', '0', '0', '-1', '0', '582  ']","['13/01/2012', 'Malegaon', '24', '-6', '7', '-4', '65', '12', '0', '0', '-1', '0', '56   ']","['13/01/2012', 'Pune', '27', '-2', '7', '-4', '90', '26', '0', '0', '0', '0', '74   ']","['13/01/2012', 'Pune AP(LHG)', '27', '-', '10', '-', '45', '-', '0', '0', '0', '0', '-']","['13/01/2012', 'Sangli', '29', '1', '13', '-1', '55', '-6', '0', '0', '-3', '0', '67   ']","['13/01/2012', 'Satara', '30', '-', '10', '-', '75', '-', '0', '0', '-2', '0', '96   ']","['13/01/2012', 'Solapur', '30', '-1', '12', '-4', '45', '-6', '0', '0', '-2', '0', '76   ']","['13/01/2012', 'Aurangabad', '27', '-2', '11', '1', '43', '-10', '0', '0', '-1', '0', '77   ']","['13/01/2012', 'Nanded', '29', '-1', '9', '-5', '75', '18', '0', '0', '-2', '0', '94   ']","['13/01/2012', 'Osmanabad', '30', '-', '10', '-', '45', '-', '0', '0', '-3', '0', '82   ']","['13/01/2012', 'Parbhani', '28', '-2', '9', '5', '60', '10', '0', '0', '-1', '1', '97   ']","['13/01/2012', 'Akola', '30', '0', '7', '-7', '55', '5', '0', '0', '-7', '0', '83   ']","['13/01/2012', 'Amravati', '26', '-3', '10', '-5', '55', '-4', '0', '0', '-6', '0', '89   ']","['13/01/2012', 'Brahmapuri', '26', '-2', '11', '-3', '50', '-23', '0', '0', '-9', '0', '139  ']","['13/01/2012', 'Buldhana', '25', '-2', '11', '-4', '47', '-7', '0', '0', '-6', '0', '85   ']","['13/01/2012', 'Chandrapur', '27', '-2', '11', '-3', '55', '17', '0', '0', '-3', '0', '128  ']","['13/01/2012', 'Nagpur', '25', '-3', '8', '-5', '55', '11', '0', '0', '-8', '0', '113  ']","['13/01/2012', 'Wardha', '27', '-2', '9', '-6', '60', '9', '0', '0', '-3', '0', '109  ']","['13/01/2012', 'Yeotmal', '26', '-2', '10', '-5', '47', '8', '0', '0', '-5', '0', '109  ']","['13/01/2012', 'Ahmedabad', '25', '-4', '11', '-1', '52', '-3', '0', '0', '-1', '0', '78   ']","['13/01/2012', 'Delhi (PLM)', '19', '-2', '5', '0', '90', '9', '0', '7', '6', '1', '75   ']","['13/01/2012', 'Delhi (SFD)', '19', '-3', '5', '-2', '80', '8', '0', '9', '0', '1', '78   ']","['13/01/2012', 'Bangalore A.P', '28', '0', '16', '1', '85', '6', '0', '0', '-3', '0', '-']","['13/01/2012', 'Hyderabad', '29', '1', '12', '-2', '47', '-32', '0', '0', '-3', '0', '82   ']"
"['14/01/2012', 'Alibaug', '30', '2', '17', '-1', '80', '11', '0', '0', '-1', '0', '226  ']","['14/01/2012', 'Dahanu', '30', '2', '16', '-1', '60', '-8', '0', '0', '0', '0', '200  ']","['14/01/2012', 'Goa(Dabolim)', '32', '-', '20', '-', '65', '-', '0', '0', '-1', '0', '275  ']","['14/01/2012', 'Goa(Panjim)', '33', '1', '21', '2', '73', '-7', '0', '0', '-1', '0', '294  ']","['14/01/2012', 'Harnai', '31', '3', '21', '-1', '37', '-22', '0', '0', '0', '0', '252  ']","['14/01/2012', 'Mumbai (CLB)', '33', '4', '19', '0', '54', '-17', '0', '0', '-1', '0', '216  ']","['14/01/2012', 'Mumbai (SCZ)', '33', '2', '15', '-1', '45', '-18', '0', '0', '0', '0', '235  ']","['14/01/2012', 'Ratnagiri', '33', '2', '18', '-1', '25', '-41', '0', '0', '-1', '0', '301  ']","['14/01/2012', 'Ahmednagar', '29', '0', '06', '-6', '80', '26', '0', '0', '-1', '0', '62   ']","['14/01/2012', 'Jalgaon', '27', '-3', '09', '-4', '67', '7', '0', '0', '-2', '0', '75   ']","['14/01/2012', 'Kolhapur', '29', '-1', '14', '-1', '50', '-10', '0', '0', '-1', '0', '107  ']","['14/01/2012', 'Mahabaleshwar', '25', '1', '11', '-3', '50', '-4', '0', '0', '-1', '0', '582  ']","['14/01/2012', 'Malegaon', '25', '-5', '07', '-4', '62', '9', '0', '0', '-1', '0', '56   ']","['14/01/2012', 'Nasik', '26', '-2', '08', '-2', '42', '-26', '0', '0', '0', '0', '68   ']","['14/01/2012', 'Pune', '27', '-2', '08', '-3', '75', '11', '0', '0', '0', '0', '74   ']","['14/01/2012', 'Pune AP(LHG)', '27', '-', '09', '-', '50', '-', '0', '0', '0', '0', '-']","['14/01/2012', 'Sangli', '29', '-1', '13', '-1', '67', '6', '0', '0', '-3', '0', '67   ']","['14/01/2012', 'Satara', '30', '-', '10', '-', '75', '-', '0', '0', '-2', '0', '96   ']","['14/01/2012', 'Solapur', '30', '-1', '12', '-4', '42', '-9', '0', '0', '-3', '0', '76   ']","['14/01/2012', 'Aurangabad', '26', '-3', '08', '-2', '40', '-13', '0', '0', '-1', '0', '77   ']","['14/01/2012', 'Nanded', '28', '-2', '10', '-4', '75', '18', '0', '1', '-2', '0', '94   ']","['14/01/2012', 'Osmanabad', '29', '-', '10', '-', '35', '-', '0', '0', '-3', '0', '82   ']","['14/01/2012', 'Parbhani', '28', '-2', '07', '-7', '47', '-3', '0', '1', '-2', '1', '97   ']","['14/01/2012', 'Akola', '28', '-2', '06', '-8', '47', '-3', '0', '0', '-7', '0', '83   ']","['14/01/2012', 'Amravati', '25', '-4', '10', '-5', '55', '-4', '0', '0', '-6', '0', '89   ']","['14/01/2012', 'Brahmapuri', '25', '-3', '11', '-3', '50', '-23', '0', '0', '-10', '0', '139  ']","['14/01/2012', 'Buldhana', '24', '-3', '11', '-4', '47', '-7', '0', '0', '-6', '0', '85   ']","['14/01/2012', 'Chandrapur', '27', '-2', '11', '-3', '80', '8', '0', '0', '-3', '0', '128  ']","['14/01/2012', 'Nagpur', '25', '-3', '08', '-5', '45', '-21', '0', '1', '-9', '0', '113  ']","['14/01/2012', 'Wardha', '26', '-3', '09', '-5', '60', '9', '0', '0', '-3', '0', '109  ']","['14/01/2012', 'Yeotmal', '26', '-2', '10', '-5', '47', '-6', '0', '0', '-3', '0', '109  ']","['14/01/2012', 'Ahmedabad', '27', '-2', '13', '1', '46', '-9', '0', '0', '-1', '0', '78   ']","['14/01/2012', 'Delhi (PLM)', '20', '-1', '07', '2', '75', '-6', '0', '7', '5', '1', '75   ']","['14/01/2012', 'Delhi (SFD)', '20', '-2', '07', '0', '65', '-7', '0', '9', '-1', '1', '78   ']","['14/01/2012', 'Bangalore A.P', '27', '-1', '15', '0', '90', '11', '0', '0', '-3', '0', '-']","['14/01/2012', 'Hyderabad', '28', '0', '11', '-3', '37', '-42', '0', '0', '-3', '0', '82   ']"
"['15/01/2012', 'Alibaug', '28', '0', '16', '-2', '75', '6', '0', '0', '-1', '0', '226  ']","['15/01/2012', 'Dahanu', '29', '1', '15', '-2', '67', '-1', '0', '0', '0', '0', '200  ']","['15/01/2012', 'Goa(Dabolim)', '32', '-', '19', '-', '80', '-', '0', '0', '-1', '0', '275  ']","['15/01/2012', 'Goa(Panjim)', '33', '1', '17', '-2', '61', '-19', '0', '0', '-1', '0.0', '294  ']","['15/01/2012', 'Harnai', '29', '1', '20', '-2', '40', '-19', '0', '0', '0', '0', '252  ']","['15/01/2012', 'Mumbai (CLB)', '33', '4', '18', '-1', '81', '10', '0', '0', '-1', '0.0', '216  ']","['15/01/2012', 'Mumbai (SCZ)', '34', '3', '14', '-2', '82', '19', '0', '0', '0', '0.0', '235  ']","['15/01/2012', 'Ratnagiri', '33', '2', '15', '-4', '42', '-24', '0', '0', '-1', '0', '301  ']","['15/01/2012', 'Ahmednagar', '30', '1', '5', '-7', '95', '41', '0', '0', '-1', '0', '62   ']","['15/01/2012', 'Jalgaon', '28', '-2', '9', '-4', '42', '-18', '0', '0', '-2', '0', '75   ']","['15/01/2012', 'Kolhapur', '28', '-2', '12', '-3', '70', '10', '0', '0', '-1', '0', '107  ']","['15/01/2012', 'Mahabaleshwar', '26', '2', '13', '-1', '60', '6', '0', '0', '-1', '0', '582  ']","['15/01/2012', 'Malegaon', '25', '-5', '7', '-4', '65', '12', '0', '0', '-1', '0', '56   ']","['15/01/2012', 'Nasik', '28', '0', '7', '-3', '80', '12', '0', '0', '0', '0', '68   ']","['15/01/2012', 'Pune', '28', '-1', '7', '-4', '90', '26', '0', '0', '0', '0', '74   ']","['15/01/2012', 'Pune AP(LHG)', '27', '-', '10', '-', '65', '-', '0', '0', '0', '0', '-']","['15/01/2012', 'Sangli', '29', '-1', '11', '-3', '65', '4', '0', '0', '-3', '0', '67   ']","['15/01/2012', 'Satara', '30', '-', '9', '-', '70', '-', '0', '0', '-2', '0', '96   ']","['15/01/2012', 'Solapur', '30', '-1', '10', '-6', '32', '-19', '0', '0', '-3', '0', '76   ']","['15/01/2012', 'Aurangabad', '28', '-1', '9', '-1', '60', '7', '0', '0', '-1', '0', '77   ']","['15/01/2012', 'Nanded', '30', '0', '10', '-4', '65', '8', '0', '1', '-3', '0', '94   ']","['15/01/2012', 'Osmanabad', '30', '-', '9', '-', '40', '-', '0', '0', '-3', '0', '82   ']","['15/01/2012', 'Parbhani', '28', '-2', '8', '-6', '65', '15', '0', '1', '-2', '1', '97   ']","['15/01/2012', 'Akola', '29', '-1', '8', '-6', '60', '10', '0', '0', '-7', '0', '83   ']","['15/01/2012', 'Amravati', '-', '-', '9', '-', '50', '-9', '0', '0', '-6', '0', '89   ']","['15/01/2012', 'Brahmapuri', '26', '-2', '8', '-6', '47', '-26', '0', '0', '-10', '0', '139  ']","['15/01/2012', 'Buldhana', '26', '-1', '12', '-3', '40', '-14', '0', '0', '-7', '0', '85   ']","['15/01/2012', 'Chandrapur', '28', '-1', '7', '-7', '80', '8', '0', '0', '-4', '0', '128  ']","['15/01/2012', 'Nagpur', '25', '-3', '7', '-6', '55', '-11', '0', '1', '-9', '0', '113  ']","['15/01/2012', 'Wardha', '26', '-3', '8', '-6', '62', '11', '0', '0', '-4', '0', '109  ']","['15/01/2012', 'Yeotmal', '26', '-2', '8', '-6', '62', '11', '0', '0', '-4', '0', '109  ']","['15/01/2012', 'Ahmedabad', '28', '-1', '11', '-1', '50', '-5', '0', '0', '-1', '0.0', '78   ']","['15/01/2012', 'Delhi (PLM)', '22', '-1', '11', '-6', '75', '-6', '0', '7', '5', '1', '75   ']","['15/01/2012', 'Delhi (SFD)', '23', '1', '9', '2', '85', '13', '0', '9', '-1', '1', '78   ']","['15/01/2012', 'Bangalore A.P', '26', '-2', '11', '-4', '95', '16', '0', '0', '-3', '0', '-']","['15/01/2012', 'Hyderabad', '28', '0', '8', '-6', '65', '-14', '0', '0', '-3', '0', '82   ']"
"['16/01/2012', 'Alibaug', '27', '-1', '16', '-2', '80', '11', '0', '0', '-1', '0', '226  ']","['16/01/2012', 'Dahanu', '29', '1', '14', '-3', '65', '-3', '0', '0', '0', '0', '200  ']","['16/01/2012', 'Goa(Dabolim)', '32', '-', '18', '-', '75', '-', '0', '0', '-1', '0', '275  ']","['16/01/2012', 'Goa(Panjim)', '33', '1', '13', '-2', '75', '-5', '0', '0', '-1', '0.0', '294  ']","['16/01/2012', 'Harnai', '27', '-1', '19', '-3', '50', '-9', '0', '0', '0', '0', '252  ']","['16/01/2012', 'Mumbai (CLB)', '30', '1', '17', '-2', '90', '19', '0', '0', '-1', '0.0', '216  ']","['16/01/2012', 'Mumbai (SCZ)', '32', '1', '13', '-3', '82', '21', '0', '0', '0', '0.0', '235  ']","['16/01/2012', 'Ratnagiri', '33', '2', '15', '-4', '60', '-6', '0', '0', '-1', '0', '301  ']","['16/01/2012', 'Ahmednagar', '30', '1', '6', '-7', '90', '37', '0', '0', '-1', '0', '62   ']","['16/01/2012', 'Jalgaon', '29', '-1', '8', '-5', '45', '-12', '0', '0', '-2', '0', '75   ']","['16/01/2012', 'Jeur', '-', '-', '12', '-', '90', '36', '0', '0', '0', '0', '62   ']","['16/01/2012', 'Kolhapur', '30', '0', '14', '-1', '60', '-11', '0', '0', '-1', '0', '107  ']","['16/01/2012', 'Mahabaleshwar', '28', '4', '14', '0', '42', '-11', '0', '0', '-1', '0', '582  ']","['16/01/2012', 'Malegaon', '25', '-5', '10', '-2', '80', '28', '0', '0', '-1', '0', '56   ']","['16/01/2012', 'Nasik', '29', '1', '7', '-3', '75', '7', '0', '0', '0', '0', '68   ']","['16/01/2012', 'Pune', '30', '1', '8', '-3', '90', '26', '0', '0', '0', '0', '74   ']","['16/01/2012', 'Pune AP(LHG)', '30', '-', '11', '-', '70', '-', '0', '0', '0', '0', '-']","['16/01/2012', 'Sangli', '30', '0', '11', '-3', '60', '-1', '0', '0', '-3', '0', '67   ']","['16/01/2012', 'Satara', '32', '-', '9', '-', '80', '-', '0', '0', '-2', '0', '96   ']","['16/01/2012', 'Solapur', '31', '0', '13', '-3', '32', '-17', '0', '0', '-3', '0', '76   ']","['16/01/2012', 'Aurangabad', '29', '0', '11', '0', '65', '12', '0', '0', '-2', '0', '77   ']","['16/01/2012', 'Nanded', '29', '-1', '9', '-5', '95', '35', '0', '1', '-3', '0', '94   ']","['16/01/2012', 'Osmanabad', '-', '-', '10', '-', '40', '-', '0', '0', '-4', '0', '82   ']","['16/01/2012', 'Parbhani', '30', '0', '9', '-5', '65', '18', '0', '1', '-2', '1', '97   ']","['16/01/2012', 'Akola', '31', '1', '9', '-5', '55', '-1', '0', '0', '-7', '0', '83   ']","['16/01/2012', 'Amravati', '28', '-1', '10', '-6', '60', '11', '0', '0', '-7', 'TR', '89   ']","['16/01/2012', 'Buldhana', '26', '-1', '12', '-4', '50', '-3', '0', '0', '-7', '0', '85   ']","['16/01/2012', 'Chandrapur', '30', '1', '-', '', '-', '-', '-', '-', '-', '-', '128  ']","['16/01/2012', 'Nagpur', '28', '0', '8', '-5', '65', '1', '0', '1', '-9', 'TR', '113  ']","['16/01/2012', 'Wardha', '29', '0', '9', '-5', '55', '6', '0', '0', '-5', '0', '109  ']","['16/01/2012', 'Yeotmal', '26', '-2', '10', '-6', '50', '-12', '0', '0', '-6', '0', '109  ']","['16/01/2012', 'Ahmedabad', '30', '1', '13', '1', '95', '40', '0', '0', '-1', '0.0', '78   ']","['16/01/2012', 'Delhi (PLM)', '25', '4', '13', '7', '90', '9', '8', '10', '9', '1', '75   ']","['16/01/2012', 'Delhi (SFD)', '26', '4', '10', '6', '80', '8', '4', '13', '2', '1', '78   ']","['16/01/2012', 'Bangalore A.P', '26', '-2', '11', '-4', '75', '-2', '0', '0', '-4', '0', '-']","['16/01/2012', 'Hyderabad', '29', '1', '10', '-5', '80', '1', '0', '0', '-3', '0', '82   ']"
"['17/01/2012', 'Alibaug', '26', '-2', '16', '-2', '90', '21', '0', '0', '-1', '0', '226  ']","['17/01/2012', 'Bhira', '35', '-', '-', '-', '-', '-', '-', '-', '-', '-', '490  ']","['17/01/2012', 'Dahanu', '26', '-2', '15', '-2', '90', '22', '0', '0', '0', '0', '200  ']","['17/01/2012', 'Goa(Dabolim)', '32', '-', '18', '-', '70', '-', '0', '0', '-1', '0', '275  ']","['17/01/2012', 'Goa(Panjim)', '33', '2', '17', '-2', '75', '-5', '0', '0', '-1', '0.0', '294  ']","['17/01/2012', 'Harnai', '27', '-1', '18', '-4', '65', '6', '0', '0', '0', '0', '252  ']","['17/01/2012', 'Mumbai (CLB)', '28', '-1', '18', '-1', '94', '23', '0', '0', '-1', '0.0', '216  ']","['17/01/2012', 'Mumbai (SCZ)', '29', '-2', '15', '-1', '92', '29', '0', '0', '0', '0.0', '235  ']","['17/01/2012', 'Ratnagiri', '32', '1', '14', '-5', '75', '16', '0', '0', '-1', '0', '301  ']","['17/01/2012', 'Ahmednagar', '33', '3', '6', '-7', '80', '27', '0', '0', '-1', '0', '62   ']","['17/01/2012', 'Jalgaon', '31', '0', '-', '', '-', '-', '0', '0', '-2', '0', '75   ']","['17/01/2012', 'Jeur', '31', '0', '15', '3', '60', '6', '0', '0', '0', '0', '62   ']","['17/01/2012', 'Kolhapur', '31', '0', '14', '-1', '70', '10', '0', '0', '-1', '0', '107  ']","['17/01/2012', 'Mahabaleshwar', '28', '4', '15', '1', '53', '0', '0', '0', '-1', '0', '582  ']","['17/01/2012', 'Malegaon', '-', '-', '10', '-2', '95', '43', '0', '0', '-1', '0', '56   ']","['17/01/2012', 'Nasik', '30', '2', '7', '-3', '65', '-3', '0', '0', '0', '0', '68   ']","['17/01/2012', 'Pune', '31', '1', '8', '-3', '97', '43', '0', '0', '0', '0', '74   ']","['17/01/2012', 'Pune AP(LHG)', '32', '-', '11', '-', '70', '-', '0', '0', '0', '0', '-']","['17/01/2012', 'Sangli', '-', '-', '12', '-', '60', '-1', '0', '0', '-3', '0', '67   ']","['17/01/2012', 'Satara', '33', '-', '10', '-', '80', '-', '0', '0', '-2', '0', '96   ']","['17/01/2012', 'Solapur', '32', '1', '12', '-4', '47', '-2', '0', '0', '-3', '0', '76   ']","['17/01/2012', 'Aurangabad', '29', '0', '11', '0', '70', '17', '0', '0', '-2', '0', '77   ']","['17/01/2012', 'Nanded', '30', '0', '-', '', '-', '-', '-', '-', '-', '-', '94   ']","['17/01/2012', 'Osmanabad', '30', '-', '10', '-', '53', '-', '0', '0', '-4', '0', '82   ']","['17/01/2012', 'Parbhani', '33', '3', '11', '-3', '60', '12', '0', '1', '-2', '0', '97   ']","['17/01/2012', 'Akola', '33', '3', '13', '4', '55', '-1', '0', '0', '-8', '0', '83   ']","['17/01/2012', 'Amravati', '-', '-', '13', '-', '65', '16', '0', '0', '-7', 'TR', '89   ']","['17/01/2012', 'Brahmapuri', '31', '2', '12', '-2', '60', '-13', '0', '-', '-', '-', '139  ']","['17/01/2012', 'Buldhana', '29', '1', '15', '-1', '70', '17', '0', '0', '-7', '0', '85   ']","['17/01/2012', 'Chandrapur', '33', '3', '13', '-1', '75', '5', '-', '-', '-', '-', '128  ']","['17/01/2012', 'Nagpur', '31', '2', '10', '-3', '65', '1', '0', '1', '-9', 'TR', '113  ']","['17/01/2012', 'Wardha', '29', '0', '12', '-2', '50', '1', '0', '0', '-6', '0', '109  ']","['17/01/2012', 'Yeotmal', '32', '3', '11', '-5', '65', '3', '0', '0', '-7', '0', '109  ']","['17/01/2012', 'Ahmedabad', '29', '0', '15', '3', '84', '29', '0', '0', '-1', '0.0', '78   ']","['17/01/2012', 'Delhi (PLM)', '20', '-1', '9', '3', '100', '19', '0', '10', '9', '1', '75   ']","['17/01/2012', 'Delhi (SFD)', '20', '-1', '9', '3', '100', '28', 'TR', '13', '1', '1', '78   ']","['17/01/2012', 'Bangalore A.P', '28', '0', '12', '-3', '75', '2', '0', '0', '-4', '0', '-']","['17/01/2012', 'Hyderabad', '32', '3', '13', '-2', '95', '16', '0', '0', '-3', '0', '82   ']"
"['18/01/2012', 'Alibaug', '26', '-2', '-', '', '-', '-', '-', '-', '-', '-', '226  ']","['18/01/2012', 'Dahanu', '26', '-2', '17', '0', '80', '12', '0', '0', '0', '0', '200  ']","['18/01/2012', 'Goa(Dabolim)', '32', '-', '14', '-', '85', '0', '0', '0', '-1', '0', '275  ']","['18/01/2012', 'Goa(Panjim)', '32', '1', '17', '-2', '90', '10', '0', '0', '-1', '0', '294  ']","['18/01/2012', 'Harnai', '26', '-2', '19', '-3', '70', '11', '0', '0', '-1', '0', '252  ']","['18/01/2012', 'Mumbai (CLB)', '27', '-2', '19', '0', '71', '0', '0', '0', '-1', '0', '216  ']","['18/01/2012', 'Mumbai (SCZ)', '28', '-3', '17', '1', '78', '15', '0', '0', '-1', '0', '235  ']","['18/01/2012', 'Ratnagiri', '30', '-1', '15', '-4', '80', '14', '0', '0', '-1', '0', '301  ']","['18/01/2012', 'Ahmednagar', '34', '4', '8', '-5', '85', '32', '0', '0', '-1', '0', '62   ']","['18/01/2012', 'Jalgaon', '30', '-1', '9', '-4', '70', '13', '0', '0', '-2', '0', '75   ']","['18/01/2012', 'Jeur', '-', '-', '13', '-', '80', '26', '0', '0', '-1', '0', '62   ']","['18/01/2012', 'Kolhapur', '33', '2', '15', '0', '75', '15', '0', '0', '-1', '0', '107  ']","['18/01/2012', 'Mahabaleshwar', '28', '4', '12', '-2', '50', '-3', '0', '0', '-1', '0', '582  ']","['18/01/2012', 'Malegaon', '29', '-1', '9', '-3', '90', '38', '0', '0', '-1', '0', '56   ']","['18/01/2012', 'Nasik', '28', '0', '10', '0', '90', '22', '0', '0', '0', '0', '68   ']","['18/01/2012', 'Pune', '31', '1', '9', '-2', '80', '16', '0', '0', '-1', '0', '74   ']","['18/01/2012', 'Pune AP(LHG)', '32', '-', '12', '-', '85', '-', '0', '0', '0', '0', '-']","['18/01/2012', 'Sangli', '33', '2', '12', '-2', '80', '19', '0', '0', '-3', '0', '67   ']","['18/01/2012', 'Satara', '32', '-', '10', '-', '70', '-', '0', '0', '-2', '0', '96   ']","['18/01/2012', 'Solapur', '33', '2', '13', '-3', '47', '-2', '0', '0', '-4', '0', '76   ']","['18/01/2012', 'Aurangabad', '30', '1', '12', '1', '80', '27', '0', '0', '-2', '0', '77   ']","['18/01/2012', 'Nanded', '-', '-', '10', '-', '80', '20', '0', '1', '-3', '0', '94   ']","['18/01/2012', 'Osmanabad', '-', '-', '13', '-', '65', '-', '0', '0', '-4', '0', '82   ']","['18/01/2012', 'Parbhani', '32', '2', '13', '-1', '70', '22', '0', '1', '-3', '0', '97   ']","['18/01/2012', 'Akola', '32', '2', '14', '0', '70', '14', '0', '0', '-8', '0', '83   ']","['18/01/2012', 'Amravati', '27', '-2', '13', '-3', '65', '16', '0', '0', '-7', '0', '89   ']","['18/01/2012', 'Brahmapuri', '31', '2', '14', '6', '65', '-8', '0', '0', '-11', '0', '139  ']","['18/01/2012', 'Buldhana', '28', '0', '15', '-1', '65', '-8', '0', '0', '-7', '0', '85   ']","['18/01/2012', 'Chandrapur', '33', '3', '13', '-1', '90', '20', '0', '0', '-4', '0', '128  ']","['18/01/2012', 'Nagpur', '31', '2', '12', '-1', '70', '6', '0', '1', '-9', '0', '113  ']","['18/01/2012', 'Wardha', '32', '3', '13', '-1', '75', '26', '0', '0', '-8', '0', '109  ']","['18/01/2012', 'Yeotmal', '30', '1', '12', '-4', '50', '-12', '0', '0', '-7', '0', '109  ']","['18/01/2012', 'Ahmedabad', '27', '-2', '8', '-4', '60', '5', '0', '0', '-1', '0', '78   ']","['18/01/2012', 'Delhi (PLM)', '-', '-', '14', '-', '100', '28', '0', '10', '9', '1', '75   ']","['18/01/2012', 'Delhi (SFD)', '-', '-', '14', '-', '100', '19', '0', '13', '1', '1', '78   ']","['18/01/2012', 'Bangalore A.P', '29', '1', '13', '-2', '70', '-7', '0', '0', '-4', '0', '-']","['18/01/2012', 'Hyderabad', '33', '4', '14', '-1', '53', '26', '0', '0', '-3', '0', '82   ']"
"['19/01/2012', 'Alibaug', '26', '-2', '17', '0', '80', '11', '0', '0', '-1', '0', '226  ']","['19/01/2012', 'Bhira', '31', '-', '9', '-', '95', '-', '0', '0', '0', '0', '490  ']","['19/01/2012', 'Dahanu', '25', '-3', '17', '0', '75', '7', '0', '0', '0', '0', '200  ']","['19/01/2012', 'Goa(Dabolim)', '30', '-', '18', '-', '75', '-', '0', '0', '-1', '0', '275  ']","['19/01/2012', 'Goa(Panjim)', '30', '-1', '18', '-1', '94', '14', '0', '1', '0', '0.0', '294  ']","['19/01/2012', 'Harnai', '25', '-3', '18', '-3', '60', '1', '0', '0', '0', '0', '252  ']","['19/01/2012', 'Mumbai (CLB)', '28', '-1', '19', '0', '78', '7', '0', '0', '-1', '0.0', '216  ']","['19/01/2012', 'Mumbai (SCZ)', '27', '-4', '15', '-1', '72', '9', '0', '0', '0', '0.0', '235  ']","['19/01/2012', 'Ratnagiri', '27', '-4', '16', '-3', '70', '4', '0', '0', '-1', '0', '301  ']","['19/01/2012', 'Ahmednagar', '31', '1', '7', '-6', '90', '37', '0', '0', '-2', '0', '62   ']","['19/01/2012', 'Jalgaon', '27', '-4', '11', '-1', '60', '3', '0', '0', '-2', '0', '75   ']","['19/01/2012', 'Jeur', '31', '0', '14', '1', '67', '13', '0', '0', '-1', '0', '62   ']","['19/01/2012', 'Kolhapur', '32', '1', '14', '-1', '90', '30', '0', '0', '-1', '0', '107  ']","['19/01/2012', 'Mahabaleshwar', '25', '1', '9', '-5', '95', '42', '0', '0', '-1', '0', '582  ']","['19/01/2012', 'Malegaon', '27', '-3', '8', '-2', '70', '18', '0', '0', '-1', '0', '56   ']","['19/01/2012', 'Nasik', '24', '-4', '8', '-3', '85', '17', '0', '0', '0', '0', '68   ']","['19/01/2012', 'Pune', '27', '-3', '10', '-1', '80', '16', '0', '0', '-1', '0', '74   ']","['19/01/2012', 'Pune AP(LHG)', '28', '-', '10', '-', '90', '-', '0', '0', '0', '0', '-']","['19/01/2012', 'Sangli', '32', '1', '12', '-2', '90', '29', '0', '0', '-3', '0', '67   ']","['19/01/2012', 'Satara', '31', '-', '9', '-', '90', '-', '0', '0', '-2', '0', '96   ']","['19/01/2012', 'Solapur', '32', '1', '13', '-3', '55', '6', '0', '0', '-4', '0', '76   ']","['19/01/2012', 'Aurangabad', '26', '-3', '9', '-3', '65', '12', '0', '0', '-2', '0', '77   ']","['19/01/2012', 'Nanded', '33', '3', '5', '-8', '85', '25', '0', '1', '-3', '0', '94   ']","['19/01/2012', 'Osmanabad', '33', '-', '11', '-', '55', '-', '0', '0', '-5', '0', '82   ']","['19/01/2012', 'Parbhani', '31', '1', '12', '-2', '55', '7', '0', '1', '-3', '0', '97   ']","['19/01/2012', 'Akola', '28', '-2', '11', '-3', '60', '4', '0', '0', '-8', '0', '83   ']","['19/01/2012', 'Amravati', '26', '-3', '10', '-6', '65', '16', '0', '0', '-8', '0', '89   ']","['19/01/2012', 'Brahmapuri', '31', '2', '13', '-1', '60', '-13', '0', '0', '-12', '0', '139  ']","['19/01/2012', 'Buldhana', '-', '-', '13', '-', '70', '17', '0', '0', '-7', '0', '85   ']","['19/01/2012', 'Chandrapur', '32', '2', '13', '-1', '67', '-3', '0', '0', '-4', '0', '128  ']","['19/01/2012', 'Nagpur', '30', '1', '10', '-3', '60', '-4', '0', '1', '-10', '0', '113  ']","['19/01/2012', 'Wardha', '31', '2', '11', '-3', '65', '16', '0', '0', '-9', '0', '109  ']","['19/01/2012', 'Yeotmal', '30', '1', '12', '-4', '45', '-17', '0', '0', '-7', '0', '109  ']","['19/01/2012', 'Ahmedabad', '25', '-4', '8', '-4', '53', '-2', '0', '0', '-1', '0.0', '78   ']","['19/01/2012', 'Delhi (PLM)', '16', '-5', '6', '0', '100', '19', '0', '10', '9', '1', '75   ']","['19/01/2012', 'Delhi (SFD)', '15', '-6', '5', '-2', '100', '28', '0', '13', '0', '1', '78   ']","['19/01/2012', 'Bangalore A.P', '30', '2', '15', '0', '70', '-7', '0', '0', '-4', '0', '-']","['19/01/2012', 'Hyderabad', '32', '3', '14', '-1', '60', '-19', '0', '0', '-4', '0', '82   ']"
"['20/01/2012', 'Alibaug', '27', '-1', '16', '-2', '80', '11', '0', '0', '-1', '0', '226  ']","['20/01/2012', 'Goa(Dabolim)', '29', '-', '18', '-', '70', '-', '0', '0', '-1', '0', '275  ']","['20/01/2012', 'Goa(Panjim)', '30', '-1', '17', '-2', '88', '8', '0', '0', '-1', '0.0', '294  ']","['20/01/2012', 'Mumbai (CLB)', '28', '-1', '17', '-2', '70', '-1', '0', '0', '-1', '0.0', '216  ']","['20/01/2012', 'Mumbai (SCZ)', '28', '-3', '13', '-3', '82', '19', '0', '0', '0', '0.0', '235  ']","['20/01/2012', 'Ratnagiri', '28', '-3', '15', '-4', '85', '19', '0', '0', '-1', '0', '301  ']","['20/01/2012', 'Ahmednagar', '28', '-2', '7', '-6', '63', '10', '0', '0', '-2', '0', '62   ']","['20/01/2012', 'Jalgaon', '26', '-5', '6', '-7', '43', '-14', '0', '0', '-3', '0', '75   ']","['20/01/2012', 'Jeur', '28', '-3', '12', '-1', '80', '26', '0', '0', '-1', '0', '62   ']","['20/01/2012', 'Kolhapur', '29', '-2', '13', '-2', '85', '25', '0', '0', '-1', '0', '107  ']","['20/01/2012', 'Mahabaleshwar', '22', '-2', '10', '-4', '30', '-23', '0', '0', '-1', '0', '582  ']","['20/01/2012', 'Malegaon', '25', '-5', '10', '-2', '80', '23', '0', '0', '-1', '0', '56   ']","['20/01/2012', 'Nasik', '23', '-5', '6', '-4', '85', '17', '0', '0', '0', '0', '68   ']","['20/01/2012', 'Pune', '25', '-5', '8', '-3', '95', '31', '0', '0', '-1', '0', '74   ']","['20/01/2012', 'Pune AP(LHG)', '26', '-', '9', '-', '85', '-', '0', '0', '0', '0', '-']","['20/01/2012', 'Sangli', '31', '0', '11', '-3', '90', '29', '0', '0', '-3', '0', '67   ']","['20/01/2012', 'Satara', '28', '-', '9', '-', '90', '-', '0', '0', '-2', '0', '96   ']","['20/01/2012', 'Solapur', '30', '-1', '13', '-3', '50', '1', '0', '0', '-4', '0', '76   ']","['20/01/2012', 'Aurangabad', '26', '-3', '10', '-1', '65', '12', '0', '0', '-2', '0', '77   ']","['20/01/2012', 'Nanded', '30', '0', '10', '-4', '80', '20', '0', '1', '-4', '0', '94   ']","['20/01/2012', 'Osmanabad', '29', '-', '10', '-', '43', '-', '0', '0', '-5', '0', '82   ']","['20/01/2012', 'Parbhani', '29', '-1', '9', '-5', '55', '7', '0', '1', '-3', '0', '97   ']","['20/01/2012', 'Akola', '27', '-3', '9', '-5', '55', '-1', '0', '0', '-8', '0', '83   ']","['20/01/2012', 'Amravati', '25', '-4', '12', '-4', '60', '11', '0', '0', '-8', '0', '89   ']","['20/01/2012', 'Brahmapuri', '31', '-3', '14', '0', '65', '-8', '0', '0', '-12', '0', '139  ']","['20/01/2012', 'Buldhana', '23', '-5', '10', '-6', '55', '2', '0', '0', '-7', '0', '85   ']","['20/01/2012', 'Chandrapur', '-', '-', '12', '-', '80', '10', '0', '0', '-1', '1', '128  ']","['20/01/2012', 'Nagpur', '29', '0', '13', '0', '65', '1', '0', '0', '-10', '0', '113  ']","['20/01/2012', 'Wardha', '29', '0', '11', '3', '65', '16', '0', '0', '-11', '0', '109  ']","['20/01/2012', 'Yeotmal', '30', '1', '12', '-4', '45', '17', '0', '0', '-5', '0', '109  ']","['20/01/2012', 'Ahmedabad', '25', '-4', '10', '-2', '56', '1', '0', '0', '-1', '0.0', '78   ']","['20/01/2012', 'Delhi (PLM)', '18', '-3', '5', '-1', '100', '19', '0', '10', '9', '1', '75   ']","['20/01/2012', 'Delhi (SFD)', '18', '-3', '5', '-2', '100', '28', '0', '13', '-1', '1', '78   ']","['20/01/2012', 'Bangalore A.P', '29', '1', '14', '-1', '70', '-7', '0', '0', '-4', '0', '-']","['20/01/2012', 'Hyderabad', '33', '4', '17', '2', '45', '16', '0', '0', '-4', '0', '82   ']"
"['21/01/2012', 'Alibaug', '26', '-2', '15', '-3', '80', '11', '0', '0', '-1', '0', '226  ']","['21/01/2012', 'Dahanu', '26', '-2', '14', '-3', '63', '-5', '0', '0', '0', '0', '200  ']","['21/01/2012', 'Goa(Panjim)', '29', '-2', '18', '-1', '95', '15', '0', '0', '-1', '0.0', '294  ']","['21/01/2012', 'Harnai', '25', '-3', '18', '-4', '57', '-2', '0', '0', '-', '0', '252  ']","['21/01/2012', 'Mumbai (CLB)', '28', '-1', '17', '-2', '77', '6', '0', '0', '-1', '0.0', '216  ']","['21/01/2012', 'Mumbai (SCZ)', '27', '-4', '14', '-2', '60', '-3', '0', '0', '0', '0.0', '235  ']","['21/01/2012', 'Ratnagiri', '27', '-4', '15', '-4', '73', '6', '0', '0', '-1', '0', '301  ']","['21/01/2012', 'Ahmednagar', '29', '-1', '7', '-6', '70', '18', '0', '0', '-2', '0', '62   ']","['21/01/2012', 'Jalgaon', '26', '-5', '6', '-7', '47', '-9', '0', '0', '-3', '0', '75   ']","['21/01/2012', 'Jeur', '-', '-', '13', '-1', '60', '7', '0', '0', '-3', '0', '62   ']","['21/01/2012', 'Kolhapur', '30', '-1', '14', '-1', '80', '21', '0', '0', '-1', '0', '107  ']","['21/01/2012', 'Mahabaleshwar', '25', '1', '12', '-2', '60', '8', '0', '0', '-1', '0', '582  ']","['21/01/2012', 'Malegaon', '25', '-6', '8', '-4', '65', '14', '0', '0', '-2', '0', '56   ']","['21/01/2012', 'Nasik', '25', '-4', '7', '-3', '57', '-10', '0', '0', '0', '0', '68   ']","['21/01/2012', 'Pune', '27', '-3', '9', '-2', '90', '28', '0', '0', '-1', '0', '74   ']","['21/01/2012', 'Pune AP(LHG)', '28', '-', '10', '-', '60', '-', '0', '0', '0', '0', '-']","['21/01/2012', 'Sangli', '30', '-1', '13', '-1', '80', '20', '0', '0', '-3', '0', '67   ']","['21/01/2012', 'Satara', '30', '-', '11', '-', '85', '-', '0', '0', '-2', '0', '96   ']","['21/01/2012', 'Solapur', '31', '0', '13', '-3', '50', '2', '0', '0', '-4', '0', '76   ']","['21/01/2012', 'Aurangabad', '26', '-4', '10', '-1', '60', '9', '0', '0', '-3', '0', '77   ']","['21/01/2012', 'Nanded', '-', '-', '11', '-3', '60', '1', '0', '1', '-4', '0', '94   ']","['21/01/2012', 'Osmanabad', '30', '-', '11', '-', '47', '-', '0', '0', '-5', '0', '82   ']","['21/01/2012', 'Parbhani', '29', '-2', '9', '-5', '47', '0', '0', '1', '-3', '0', '97   ']","['21/01/2012', 'Akola', '28', '-3', '9', '-5', '57', '2', '0', '0', '-9', '0', '83   ']","['21/01/2012', 'Amravati', '26', '-3', '9', '-7', '55', '7', '0', '0', '-8', '0', '89   ']","['21/01/2012', 'Brahmapuri', '-', '-', '11', '-3', '60', '-12', '0', '0', '-13', '0', '139  ']","['21/01/2012', 'Buldhana', '23', '-5', '10', '-6', '55', '3', '0', '0', '-7', '0', '85   ']","['21/01/2012', 'Chandrapur', '29', '-1', '11', '-3', '55', '14', '0', '0', '-5', '0', '128  ']","['21/01/2012', 'Nagpur', '26', '-3', '11', '-2', '30', '-33', '0', '1', '-10', '0', '113  ']","['21/01/2012', 'Wardha', '28', '-2', '10', '-5', '47', '-1', '0', '0', '-12', '0', '109  ']","['21/01/2012', 'Yeotmal', '27', '-2', '10', '-6', '47', '-3', '0', '0', '-8', '0', '109  ']","['21/01/2012', 'Ahmedabad', '24', '-5', '11', '-1', '46', '-8', '0', '0', '-1', '0.0', '78   ']","['21/01/2012', 'Delhi (PLM)', '14', '-', '6', '-', '90', '-', '0', '10', '8', '1', '75   ']","['21/01/2012', 'Delhi (SFD)', '15', '-6', '5', '-3', '95', '24', '0', '13', '-1', '1', '78   ']","['21/01/2012', 'Bangalore A.P', '29', '0', '13', '-2', '85', '9', '0', '0', '-4', '0', '-']","['21/01/2012', 'Hyderabad', '31', '2', '16', '1', '60', '-17', '0', '0', '-4', '0', '82   ']"
"['22/01/2012', 'Alibaug', '29', '1', '19', '1', '85', '16', '0', '0', '-1', '0', '226  ']","['22/01/2012', 'Bhira', '35', '-', '-', '-', '-', '-', '0', '0', '-', '-', '490  ']","['22/01/2012', 'Dahanu', '29', '1', '17', '0', '73', '5', '0', '0', '0', '0', '200  ']","['22/01/2012', 'Goa(Dabolim)', '29', '-', '18', '-', '85', '-', '0', '0', '-1', '0', '275  ']","['22/01/2012', 'Goa(Panjim)', '29', '-2', '19', '0', '95', '15', '0', '0', '-1', '0', '294  ']","['22/01/2012', 'Harnai', '28', '0', '20', '-2', '75', '16', '0', '0', '0', '0', '252  ']","['22/01/2012', 'Mumbai (CLB)', '31', '2', '21', '2', '89', '18', '0', '0', '-1', '0', '216  ']","['22/01/2012', 'Mumbai (SCZ)', '33', '2', '18', '2', '87', '24', '0', '0', '0', '0', '235  ']","['22/01/2012', 'Ratnagiri', '30', '-1', '17', '-2', '90', '23', '0', '0', '-1', '0', '301  ']","['22/01/2012', 'Ahmednagar', '31', '1', '10', '-3', '90', '38', '0', '0', '-2', '0', '62   ']","['22/01/2012', 'Jalgaon', '25', '-6', '9', '-4', '43', '-13', '0', '0', '-3', '0', '75   ']","['22/01/2012', 'Jeur', '29', '-2', '-', '-', '-', '-', '-', '-', '-', '-', '62   ']","['22/01/2012', 'Kolhapur', '31', '0', '16', '1', '90', '31', '0', '0', '-1', '0', '107  ']","['22/01/2012', 'Mahabaleshwar', '26', '2', '13', '-1', '80', '28', '0', '0', '-1', '0', '582  ']","['22/01/2012', 'Malegaon', '25', '-6', '9', '-3', '65', '14', '0', '0', '-2', '0', '56   ']","['22/01/2012', 'Nasik', '25', '-4', '11', '1', '50', '-17', '0', '0', '0', '0', '68   ']","['22/01/2012', 'Pune', '30', '0', '11', '0', '95', '33', '0', '0', '-1', '0', '74   ']","['22/01/2012', 'Pune AP(LHG)', '29', '-', '13', '-', '70', '-', '0', '0', '0', '0', '-']","['22/01/2012', 'Sangli', '31', '0', '15', '1', '80', '20', '0', '0', '-3', '0', '67   ']","['22/01/2012', 'Satara', '31', '-', '13', '-', '90', '-', '0', '0', '-2', '0', '96   ']","['22/01/2012', 'Solapur', '32', '1', '16', '0', '55', '7', '0', '0', '-4', '0', '76   ']","['22/01/2012', 'Aurangabad', '26', '-4', '12', '1', '67', '16', '0', '0', '-3', '0', '77   ']","['22/01/2012', 'Nanded', '30', '-1', '-', '', '-', '-', '-', '-', '-', '-', '94   ']","['22/01/2012', 'Osmanabad', '30', '-1', '-', '', '-', '-', '-', '-', '-', '-', '82   ']","['22/01/2012', 'Parbhani', '28', '-3', '10', '-4', '60', '13', '0', '1', '-3', '0', '97   ']","['22/01/2012', 'Akola', '27', '-4', '12', '-2', '47', '-8', '0', '0', '-9', '0', '83   ']","['22/01/2012', 'Amravati', '25', '-4', '10', '-6', '65', '17', '0', '0', '-9', '0', '89   ']","['22/01/2012', 'Buldhana', '24', '-4', '13', '-3', '55', '3', '0', '0', '-7', '0', '85   ']","['22/01/2012', 'Chandrapur', '-', '-', '10', '-4', '70', '1', '0', '0', '-5', '0', '128  ']","['22/01/2012', 'Nagpur', '24', '-5', '8', '-5', '45', '-18', '0', '1', '-11', '0', '113  ']","['22/01/2012', 'Wardha', '26', '-4', '9', '-6', '97', '-11', '0', '0', '-13', '0', '109  ']","['22/01/2012', 'Yeotmal', '25', '-4', '11', '-5', '50', '-1', '0', '0', '-8', '0', '109  ']","['22/01/2012', 'Ahmedabad', '25', '-4', '13', '0', '43', '-11', '0', '0', '-2', '0', '78   ']","['22/01/2012', 'Delhi (PLM)', '18', '-3', '7', '1', '85', '5', '0', '10', '8', '1', '75   ']","['22/01/2012', 'Delhi (SFD)', '18', '-3', '7', '1', '80', '9', '0', '13', '-2', '1', '78   ']","['22/01/2012', 'Bangalore A.P', '29', '0', '14', '-1', '85', '9', '0', '0', '-4', '0', '-']","['22/01/2012', 'Hyderabad', '30', '1', '16', '1', '70', '-7', '0', '0', '-5', '0', '82   ']"
"['23/01/2012', 'Alibaug', '29', '1', '18', '0', '95', '26', '0', '0', '-1', '0', '226  ']","['23/01/2012', 'Bhira', '32', '-', '11', '-', '90', '-', '0', '0', '0', '0', '490  ']","['23/01/2012', 'Dahanu', '28', '0', '15', '-2', '80', '12', '0', '0', '0', '0', '200  ']","['23/01/2012', 'Goa(Dabolim)', '29', '-', '19', '-', '-', '-', '0', '0', '-1', '0', '275  ']","['23/01/2012', 'Goa(Panjim)', '31', '0', '19', '0', '91', '11', '0', '0', '-1', '0.0', '294  ']","['23/01/2012', 'Harnai', '27', '-1', '19', '-3', '75', '16', '0', '0', '0', '0', '252  ']","['23/01/2012', 'Mumbai (CLB)', '28', '-1', '18', '-1', '90', '19', '0', '0', '-1', '0.0', '216  ']","['23/01/2012', 'Mumbai (SCZ)', '27', '-4', '16', '0', '89', '26', '0', '0', '0', '0.0', '235  ']","['23/01/2012', 'Ratnagiri', '29', '-2', '18', '-1', '90', '23', '0', '0', '-1', '0', '301  ']","['23/01/2012', 'Ahmednagar', '31', '1', '14', '1', '85', '33', '0', '0', '-2', '0', '62   ']","['23/01/2012', 'Jalgaon', '30', '-1', '10', '-3', '55', '-1', '0', '0', '-3', '0', '75   ']","['23/01/2012', 'Jeur', '-', '-', '18', '-', '70', '17', '0', '0', '-1', '0', '62   ']","['23/01/2012', 'Kolhapur', '30', '-1', '17', '2', '85', '26', '0', '0', '-1', '0', '107  ']","['23/01/2012', 'Mahabaleshwar', '24', '0', '13', '-1', '85', '33', '0', '0', '-1', '0', '582  ']","['23/01/2012', 'Malegaon', '25', '-6', '14', '2', '80', '29', '0', '0', '-2', '0', '56   ']","['23/01/2012', 'Nasik', '29', '0', '9', '-1', '85', '18', '0', '0', '0', '0', '68   ']","['23/01/2012', 'Pune', '29', '-1', '14', '3', '95', '33', '0', '0', '-1', '0', '74   ']","['23/01/2012', 'Pune AP(LHG)', '30', '-', '15', '-', '100', '-', '0', '0', '0', '0', '-']","['23/01/2012', 'Sangli', '31', '0', '16', '2', '90', '30', '0', '0', '-3', '0', '67   ']","['23/01/2012', 'Satara', '30', '-', '13', '-', '90', '-', '0', '0', '-2', '0', '96   ']","['23/01/2012', 'Solapur', '33', '2', '17', '1', '65', '17', '0', '0', '-4', '0', '76   ']","['23/01/2012', 'Aurangabad', '29', '-1', '17', '6', '70', '19', '0', '0', '0', '0', '77   ']","['23/01/2012', 'Nanded', '30', '-1', '17', '3', '75', '16', '0', '1', '-4', '0', '94   ']","['23/01/2012', 'Osmanabad', '-', '-', '12', '-', '60', '-', '0', '0', '-5', '0', '82   ']","['23/01/2012', 'Parbhani', '31', '0', '15', '1', '70', '23', '0', '1', '-4', '0', '97   ']","['23/01/2012', 'Akola', '30', '-1', '16', '2', '50', '-5', '0', '0', '-9', '0', '83   ']","['23/01/2012', 'Amravati', '26', '-3', '14', '-2', '70', '22', '0', '0', '-9', '0', '89   ']","['23/01/2012', 'Brahmapuri', '29', '0', '13', '-1', '55', '17', '0', '0', '-15', '0', '139  ']","['23/01/2012', 'Buldhana', '-', '-', '14', '-', '67', '15', '0', '0', '-7', '0', '85   ']","['23/01/2012', 'Chandrapur', '30', '0', '15', '1', '65', '-4', '0', '0', '-5', '0', '128  ']","['23/01/2012', 'Nagpur', '27', '-2', '12', '-1', '55', '-8', '0', '1', '-11', '0', '113  ']","['23/01/2012', 'Wardha', '27', '-3', '15', '0', '47', '-1', '0', '0', '-14', '0', '109  ']","['23/01/2012', 'Yeotmal', '-', '-', '12', '-', '55', '4', '0', '0', '-9', '0', '109  ']","['23/01/2012', 'Ahmedabad', '27', '-2', '12', '0', '54', '0', '0', '0', '-2', '0.0', '78   ']","['23/01/2012', 'Delhi (PLM)', '18', '-3', '5', '-1', '85', '5', '0', '10', '7', '1', '75   ']","['23/01/2012', 'Delhi (SFD)', '18', '-3', '6', '-2', '90', '19', '0', '13', '-3', '1', '78   ']","['23/01/2012', 'Bangalore A.P', '28', '-1', '12', '-3', '90', '14', '0', '0', '-4', '0', '-']","['23/01/2012', 'Hyderabad', '31', '2', '18', '3', '90', '13', '0', '0', '-5', '0', '82   ']"
"['24/01/2012', 'Alibaug', '27', '-1', '18', '0', '80', '11', '0', '0', '-1', '0', '226  ']","['24/01/2012', 'Dahanu', '26', '-2', '16', '-1', '65', '-3', '0', '0', '0', '0', '200  ']","['24/01/2012', 'Goa(Panjim)', '31', '0', '20', '1', '95', '15', '0', '0', '-1', '0.0', '294  ']","['24/01/2012', 'Harnai', '26', '-2', '20', '-2', '75', '16', '0', '0', '0', '0', '252  ']","['24/01/2012', 'Mumbai (CLB)', '28', '-1', '16', '-3', '75', '4', '0', '0', '-1', '0.0', '216  ']","['24/01/2012', 'Mumbai (SCZ)', '29', '-2', '16', '0', '77', '14', '0', '0', '0', '0.0', '235  ']","['24/01/2012', 'Ratnagiri', '29', '-2', '17', '-2', '90', '23', '0', '0', '-1', '0', '301  ']","['24/01/2012', 'Ahmednagar', '31', '1', '14', '1', '80', '28', '0', '0', '-2', '0', '62   ']","['24/01/2012', 'Jalgaon', '31', '0', '12', '-1', '55', '-1', '0', '0', '-3', '0', '75   ']","['24/01/2012', 'Jeur', '30', '-1', '19', '5', '65', '12', '0', '0', '-1', '0', '62   ']","['24/01/2012', 'Kolhapur', '30', '-1', '17', '2', '85', '26', '0', '0', '-1', '0', '107  ']","['24/01/2012', 'Mahabaleshwar', '27', '3', '14', '0', '70', '18', '0', '0', '-1', '0', '582  ']","['24/01/2012', 'Nasik', '30', '1', '11', '1', '70', '3', '0', '0', '0', '0', '68   ']","['24/01/2012', 'Pune', '30', '0', '14', '3', '95', '33', '0', '0', '-1', '0', '74   ']","['24/01/2012', 'Pune AP(LHG)', '30', '-', '15', '-', '85', '-', '0', '0', '0', '0', '-']","['24/01/2012', 'Sangli', '31', '0', '16', '2', '85', '25', '0', '0', '-3', '0', '67   ']","['24/01/2012', 'Satara', '32', '-', '15', '-', '90', '-', '0', '0', '-2', '0', '96   ']","['24/01/2012', 'Solapur', '33', '2', '18', '2', '60', '12', '0', '0', '-4', '0', '76   ']","['24/01/2012', 'Aurangabad', '29', '-1', '17', '6', '65', '14', '0', '0', '-3', '0', '77   ']","['24/01/2012', 'Nanded', '-', '-', '17', '-', '75', '16', '0', '1', '-4', '0', '94   ']","['24/01/2012', 'Osmanabad', '29', '-', '15', '-', '60', '-', '0', '0', '-5', '0', '82   ']","['24/01/2012', 'Parbhani', '32', '1', '15', '1', '50', '3', '0', '1', '-4', '0', '97   ']","['24/01/2012', 'Akola', '33', '2', '16', '2', '65', '16', '0', '0', '-9', '0', '83   ']","['24/01/2012', 'Amravati', '29', '0', '17', '1', '70', '22', '0', '0', '-9', '0', '89   ']","['24/01/2012', 'Brahmapuri', '31', '2', '17', '3', '60', '12', '0', '0', '-15', '0', '139  ']","['24/01/2012', 'Buldhana', '30', '2', '17', '1', '55', '3', '0', '0', '-7', '0', '85   ']","['24/01/2012', 'Chandrapur', '31', '1', '18', '4', '80', '11', '0', '0', '-5', '0', '128  ']","['24/01/2012', 'Nagpur', '29', '0', '15', '2', '70', '7', '0', '1', '-12', '0', '113  ']","['24/01/2012', 'Wardha', '31', '1', '17', '2', '65', '17', '0', '0', '-14', '0', '109  ']","['24/01/2012', 'Yeotmal', '30', '1', '15', '-1', '80', '29', '0', '0', '-9', '0', '109  ']","['24/01/2012', 'Ahmedabad', '28', '-1', '12', '0', '62', '8', '0', '0', '-2', '0.0', '78   ']","['24/01/2012', 'Delhi (PLM)', '22', '1', '6', '0', '90', '10', '0', '10', '7', '1', '75   ']","['24/01/2012', 'Delhi (SFD)', '23', '2', '7', '-1', '80', '9', '0', '13', '-3', '1', '78   ']","['24/01/2012', 'Bangalore A.P', '27', '-2', '12', '-3', '85', '9', '0', '0', '-4', '0', '-']","['24/01/2012', 'Hyderabad', '30', '1', '18', '3', '90', '13', '0', '0', '-5', '0', '82   ']"
"['25/01/2012', 'Alibaug', '28', '0', '19', '1', '90', '21', '0', '0', '-1', '0', '226  ']","['25/01/2012', 'Bhira', '-', '-', '11', '-', '95', '-', '0', '0', '0', '0', '490  ']","['25/01/2012', 'Dahanu', '36', '8', '17', '1', '75', '7', '0', '0', '0', '0', '200  ']","['25/01/2012', 'Goa(Dabolim)', '30', '-', '-', '-', '-', '-', '-', '-', '-', '-', '275  ']","['25/01/2012', 'Goa(Panjim)', '32', '1', '20', '1', '91', '11', '0', '0', '-1', '0', '294  ']","['25/01/2012', 'Harnai', '29', '1', '20', '-2', '70', '11', '0', '0', '0', '0', '252  ']","['25/01/2012', 'Mumbai (CLB)', '30', '1', '21', '2', '75', '4', '0', '0', '-1', '0', '216  ']","['25/01/2012', 'Mumbai (SCZ)', '32', '1', '17', '1', '81', '18', '0', '0', '-1', '0', '235  ']","['25/01/2012', 'Ratnagiri', '31', '0', '17', '-2', '90', '23', '0', '0', '-1', '0', '301  ']","['25/01/2012', 'Ahmednagar', '31', '1', '13', '0', '95', '43', '0', '0', '-2', '0', '62   ']","['25/01/2012', 'Jalgaon', '31', '0', '9', '-4', '55', '-1', '0', '0', '-3', '0', '75   ']","['25/01/2012', 'Jeur', '30', '-1', '18', '4', '75', '22', '0', '0', '-1', '0', '62   ']","['25/01/2012', 'Kolhapur', '31', '0', '17', '2', '80', '21', '0', '0', '-1', '0', '107  ']","['25/01/2012', 'Mahabaleshwar', '26', '2', '13', '-1', '67', '15', '0', '0', '-1', '0', '582  ']","['25/01/2012', 'Malegaon', '27', '-4', '10', '-2', '67', '16', '0', '0', '-2', '0', '56   ']","['25/01/2012', 'Nasik', '30', '1', '12', '2', '67', '0', '0', '0', '0', '0', '68   ']","['25/01/2012', 'Pune', '30', '0', '13', '2', '85', '23', '0', '0', '-1', '0', '74   ']","['25/01/2012', 'Pune AP(LHG)', '30', '-', '15', '-', '77', '-', '0', '0', '0', '0', '-']","['25/01/2012', 'Sangli', '31', '0', '16', '2', '80', '20', '0', '0', '-3', '0', '67   ']","['25/01/2012', 'Satara', '-', '-', '14', '-', '75', '-', '0', '0', '-2', '0', '96   ']","['25/01/2012', 'Solapur', '33', '2', '17', '1', '55', '7', '0', '0', '-4', '0', '76   ']","['25/01/2012', 'Aurangabad', '29', '-1', '16', '5', '65', '14', '0', '0', '-3', '0', '77   ']","['25/01/2012', 'Nanded', '32', '1', '19', '5', '70', '11', '0', '1', '-4', 'TR', '94   ']","['25/01/2012', 'Osmanabad', '30', '-', '16', '-', '53', '-', '0', '0', '-5', '0', '82   ']","['25/01/2012', 'Parbhani', '33', '2', '16', '2', '60', '13', '0', '1', '-4', 'TR', '97   ']","['25/01/2012', 'Akola', '32', '1', '17', '3', '63', '8', '0', '0', '-9', '0', '83   ']","['25/01/2012', 'Amravati', '31', '2', '19', '3', '73', '25', '0', 'TR', '-9', 'TR', '89   ']","['25/01/2012', 'Brahmapuri', '30', '1', '18', '4', '68', '-4', '0', '0', '-15', '0', '139  ']","['25/01/2012', 'Buldhana', '29', '1', '17', '1', '71', '19', '0', '0', '-8', '0', '85   ']","['25/01/2012', 'Chandrapur', '31', '1', '19', '5', '83', '14', '0', '0', '-5', '0', '128  ']","['25/01/2012', 'Nagpur', '30', '1', '17', '4', '74', '11', '0', '1', '-12', 'TR', '113  ']","['25/01/2012', 'Wardha', '29', '-1', '17', '2', '80', '32', '0', '0', '-14', '0', '109  ']","['25/01/2012', 'Yeotmal', '30', '1', '16', '0', '72', '21', '0', '0', '-10', '0', '109  ']","['25/01/2012', 'Ahmedabad', '29', '0', '14', '2', '55', '1', '0', '0', '-2', '0', '78   ']","['25/01/2012', 'Delhi (PLM)', '22', '1', '6', '-2', '85', '14', '0', '10', '6', '1', '75   ']","['25/01/2012', 'Delhi (SFD)', '22', '1', '-', '', '-', '-', '-', '-', '-', '-', '78   ']","['25/01/2012', 'Bangalore A.P', '27', '-2', '11', '-4', '95', '19', '0', '0', '-5', '0', '-']","['25/01/2012', 'Hyderabad', '32', '3', '18', '3', '65', '-12', '0', '0', '-5', '0', '82   ']"
"['28/01/2012', 'Alibaug', '26', '-2', '16', '-2', '70', '1', '0', '0', '-1', '0', '226  ']","['28/01/2012', 'Bhira', '32', '-', '-', '-', '-', '-', '-', '-', '-', '-', '490  ']","['28/01/2012', 'Dahanu', '24', '-4', '16', '-1', '55', '-13', '0', '0', '0', '0', '200  ']","['28/01/2012', 'Goa(Dabolim)', '30', '-', '-', '-', '-', '-', '-', '-', '-', '-', '275  ']","['28/01/2012', 'Goa(Panjim)', '31', '0', '19', '0', '95', '15', '0', '0', '-1', '0.0', '294  ']","['28/01/2012', 'Harnai', '27', '-1', '18', '-4', '70', '11', '0', '0', '0', '0', '252  ']","['28/01/2012', 'Mumbai (CLB)', '28', '-1', '19', '0', '71', '0', '0', '0', '-1', '0.0', '216  ']","['28/01/2012', 'Mumbai (SCZ)', '29', '-2', '16', '0', '74', '11', '0', '0', '-1', '0.0', '235  ']","['28/01/2012', 'Ratnagiri', '29', '-2', '16', '-3', '90', '23', '0', '0', '-1', '0', '301  ']","['28/01/2012', 'Ahmednagar', '32', '2', '11', '-2', '80', '29', '0', '0', '-2', '0', '62   ']","['28/01/2012', 'Jalgaon', '30', '-1', '14', '1', '65', '11', '0', '0', '-4', '0', '75   ']","['28/01/2012', 'Jeur', '31', '-1', '17', '3', '67', '15', '0', '0', '-1', '0', '62   ']","['28/01/2012', 'Kolhapur', '32', '1', '16', '1', '80', '21', '0', '0', '-1', '0', '107  ']","['28/01/2012', 'Mahabaleshwar', '26', '1', '14', '0', '70', '19', '0', '0', '-1', '0', '582  ']","['28/01/2012', 'Malegaon', '27', '-4', '10', '-2', '70', '20', '0', '0', '-2', '0', '56   ']","['28/01/2012', 'Nasik', '30', '1', '12', '1', '70', '4', '0', '0', '-1', '0', '68   ']","['28/01/2012', 'Pune', '31', '1', '11', '0', '85', '24', '0', '0', '-1', '0', '74   ']","['28/01/2012', 'Pune AP(LHG)', '31', '-', '13', '-', '80', '-', '0', '0', '0', '0', '-']","['28/01/2012', 'Sangli', '32', '1', '15', '0', '80', '21', '0', '0', '-3', '0', '67   ']","['28/01/2012', 'Satara', '32', '-', '13', '-', '90', '-', '0', '0', '-2', '0', '96   ']","['28/01/2012', 'Solapur', '33', '1', '16', '0', '60', '14', '0', '0', '-4', '0', '76   ']","['28/01/2012', 'Aurangabad', '29', '-1', '17', '6', '73', '23', '0', '0', '-3', '0', '77   ']","['28/01/2012', 'Osmanabad', '30', '-', '14', '-', '53', '-', '0', '0', '-6', '0', '82   ']","['28/01/2012', 'Parbhani', '32', '1', '15', '0', '65', '20', '0', '1', '-4', '0', '97   ']","['28/01/2012', 'Akola', '31', '0', '18', '4', '70', '17', '0', '0', '-10', '0', '83   ']","['28/01/2012', 'Amravati', '29', '-1', '16', '0', '80', '34', '0', '0', '-10', '0', '89   ']","['28/01/2012', 'Brahmapuri', '31', '2', '17', '3', '60', '-10', '0', '0', '-16', '0', '139  ']","['28/01/2012', 'Buldhana', '28', '0', '17', '1', '65', '14', '0', '0', '-9', '0', '85   ']","['28/01/2012', 'Chandrapur', '32', '2', '19', '4', '80', '14', '0', '0', '-6', '0', '128  ']","['28/01/2012', 'Nagpur', '27', '-3', '17', '4', '70', '10', '0', '1', '-15', '0', '113  ']","['28/01/2012', 'Wardha', '29', '-1', '16', '3', '90', '44', '0', '0', '-14', '0', '109  ']","['28/01/2012', 'Yeotmal', '28', '-2', '13', '-3', '55', '5', '0', '0', '-11', '0', '109  ']","['28/01/2012', 'Ahmedabad', '28', '-1', '14', '1', '57', '3', '0', '0', '-2', '0.0', '78   ']","['28/01/2012', 'Delhi (PLM)', '21', '-1', '6', '0', '90', '10', '0', '10', '2', '1', '75   ']","['28/01/2012', 'Delhi (SFD)', '21', '-1', '5', '-3', '90', '21', '0', '13', '-6', '1', '78   ']","['28/01/2012', 'Bangalore A.P', '28', '-1', '15', '-1', '80', '15', '0', '0', '-5', '0', '-']","['28/01/2012', 'Hyderabad', '32', '3', '18', '3', '95', '19', '0', '0', '-5', '0', '82   ']"
"['26/01/2012', 'Alibaug', '26', '-2', '18', '0', '90', '21', '0', '0', '-1', '0', '226  ']","['26/01/2012', 'Bhira', '31', '-', '-', '-', '-', '-', '-', '-', '-', '-', '490  ']","['26/01/2012', 'Dahanu', '25', '-3', '18', '1', '85', '17', '0', '0', '0', '0', '200  ']","['26/01/2012', 'Goa(Dabolim)', '31', '-', '-', '-', '-', '-', '-', '-', '-', '-', '275  ']","['26/01/2012', 'Goa(Panjim)', '32', '1', '19', '0', '95', '15', '0', '0', '-1', '0', '294  ']","['26/01/2012', 'Harnai', '26', '-2', '20', '-2', '65', '6', '0', '0', '0', '0', '252  ']","['26/01/2012', 'Mumbai (CLB)', '27', '-2', '19', '0', '-', '-', '0', '0', '-1', '0', '216  ']","['26/01/2012', 'Mumbai (SCZ)', '28', '-3', '16', '0', '-', '-', '0', '0', '-1', '0', '235  ']","['26/01/2012', 'Ratnagiri', '29', '-2', '16', '-3', '80', '13', '0', '0', '-1', '0', '301  ']","['26/01/2012', 'Ahmednagar', '32', '2', '13', '0', '60', '9', '0', '0', '-2', '0', '62   ']","['26/01/2012', 'Jalgaon', '31', '0', '14', '1', '65', '11', '0', '0', '-4', '0', '75   ']","['26/01/2012', 'Jeur', '30', '-2', '15', '1', '75', '23', '0', '0', '-1', '0', '62   ']","['26/01/2012', 'Kolhapur', '32', '1', '16', '1', '85', '26', '0', '0', '-1', '0', '107  ']","['26/01/2012', 'Mahabaleshwar', '25', '0', '13', '-1', '80', '29', '0', '0', '-1', '0', '582  ']","['26/01/2012', 'Malegaon', '27', '-4', '10', '-2', '67', '17', '0', '0', '-2', '0', '56   ']","['26/01/2012', 'Nasik', '29', '0', '12', '1', '67', '1', '0', '0', '-1', '0', '68   ']","['26/01/2012', 'Pune', '31', '1', '12', '1', '70', '9', '0', '0', '-1', '0', '74   ']","['26/01/2012', 'Pune AP(LHG)', '31', '-', '14', '-', '75', '-', '0', '0', '0', '0', '-']","['26/01/2012', 'Sangli', '31', '0', '16', '1', '90', '31', '0', '0', '-3', '0', '67   ']","['26/01/2012', 'Satara', '31', '-', '13', '-', '75', '-', '0', '0', '-2', '0', '96   ']","['26/01/2012', 'Solapur', '33', '1', '17', '1', '65', '19', '0', '0', '-4', '0', '76   ']","['26/01/2012', 'Aurangabad', '29', '-1', '17', '6', '65', '15', '0', '0', '-3', '0', '77   ']","['26/01/2012', 'Nanded', '33', '2', '17', '3', '80', '23', '0', '1', '-4', 'TR', '94   ']","['26/01/2012', 'Osmanabad', '29', '-', '14', '-', '70', '-', '0', '0', '-5', '0', '82   ']","['26/01/2012', 'Parbhani', '33', '2', '17', '2', '55', '10', '0', '1', '-4', 'TR', '97   ']","['26/01/2012', 'Akola', '32', '1', '18', '4', '65', '12', '0', '0', '-10', '0', '83   ']","['26/01/2012', 'Amravati', '31', '1', '18', '2', '80', '34', '0', 'TR', '-10', 'TR', '89   ']","['26/01/2012', 'Brahmapuri', '-', '-', '18', '-', '70', '0', '0', '0', '-15', '0', '139  ']","['26/01/2012', 'Buldhana', '29', '1', '17', '1', '55', '4', '0', '0', '-8', '0', '85   ']","['26/01/2012', 'Chandrapur', '33', '3', '18', '3', '75', '7', '0', '0', '-5', '0', '128  ']","['26/01/2012', 'Nagpur', '29', '-1', '17', '4', '85', '25', '0', '1', '-13', 'TR', '113  ']","['26/01/2012', 'Wardha', '30', '0', '18', '5', '85', '39', '0', '0', '-14', '0', '109  ']","['26/01/2012', 'Yeotmal', '32', '2', '16', '0', '65', '15', '0', '0', '-10', '0', '109  ']","['26/01/2012', 'Ahmedabad', '29', '0', '14', '1', '65', '11', '0', '0', '-2', '0', '78   ']","['26/01/2012', 'Delhi (PLM)', '22', '0', '10', '2', '75', '6', '0', '10', '5', '1', '75   ']","['26/01/2012', 'Delhi (SFD)', '21', '-1', '9', '3', '70', '10', '0', '13', '-5', '1', '78   ']","['26/01/2012', 'Bangalore A.P', '27', '-2', '11', '-5', '82', '17', '0', '0', '-5', '0', '-']","['26/01/2012', 'Hyderabad', '31', '2', '17', '2', '65', '-11', '0', '0', '-5', '0', '82   ']"
